date,value
1/1/2000,22
1/2/2000,2
1/3/2000,10
1/4/2000,4
1/5/2000,4
1/6/2000,1
1/7/2000,3
1/8/2000,6
1/9/2000,5
1/10/2000,1
1/11/2000,3
1/12/2000,14
1/13/2000,3
1/14/2000,3
1/15/2000,4
1/16/2000,5
1/17/2000,5
1/18/2000,3
1/19/2000,3
1/20/2000,2
1/21/2000,3
1/23/2000,3
1/24/2000,6
1/25/2000,3
1/26/2000,6
1/27/2000,5
1/28/2000,4
1/29/2000,8
1/30/2000,4
1/31/2000,3
2/2/2000,2
2/3/2000,5
2/4/2000,1
2/5/2000,3
2/6/2000,2
2/8/2000,2
2/9/2000,2
2/10/2000,6
2/11/2000,2
2/14/2000,2
2/15/2000,2
2/16/2000,4
2/17/2000,3
2/18/2000,5
2/19/2000,2
2/20/2000,9
2/21/2000,4
2/22/2000,9
2/23/2000,2
2/24/2000,7
2/25/2000,6
2/26/2000,3
2/27/2000,6
2/28/2000,1
3/1/2000,7
3/2/2000,3
3/3/2000,2
3/4/2000,6
3/5/2000,3
3/6/2000,2
3/7/2000,4
3/8/2000,2
3/9/2000,1
3/10/2000,1
3/11/2000,3
3/12/2000,5
3/13/2000,2
3/14/2000,2
3/15/2000,3
3/16/2000,3
3/17/2000,2
3/18/2000,2
3/20/2000,2
3/21/2000,1
3/22/2000,7
3/26/2000,2
3/27/2000,2
3/28/2000,2
3/30/2000,3
3/31/2000,2
4/1/2000,5
4/2/2000,2
4/3/2000,6
4/4/2000,2
4/5/2000,2
4/6/2000,2
4/7/2000,3
4/9/2000,8
4/10/2000,1
4/11/2000,7
4/12/2000,4
4/13/2000,3
4/14/2000,3
4/15/2000,5
4/16/2000,2
4/18/2000,1
4/19/2000,3
4/21/2000,3
4/24/2000,6
4/25/2000,5
4/26/2000,1
4/28/2000,8
4/30/2000,1
5/1/2000,4
5/2/2000,4
5/3/2000,10
5/4/2000,3
5/5/2000,2
5/6/2000,2
5/7/2000,4
5/8/2000,3
5/9/2000,1
5/11/2000,1
5/12/2000,3
5/13/2000,3
5/14/2000,1
5/15/2000,5
5/16/2000,3
5/17/2000,2
5/18/2000,4
5/19/2000,3
5/20/2000,4
5/21/2000,7
5/22/2000,2
5/23/2000,3
5/24/2000,4
5/25/2000,5
5/26/2000,2
5/27/2000,6
5/28/2000,5
5/29/2000,3
5/30/2000,4
5/31/2000,1
6/1/2000,2
6/2/2000,7
6/3/2000,3
6/4/2000,8
6/5/2000,3
6/6/2000,16
6/7/2000,7
6/8/2000,15
6/9/2000,2
6/10/2000,7
6/12/2000,2
6/13/2000,4
6/14/2000,3
6/15/2000,1
6/16/2000,5
6/17/2000,5
6/18/2000,2
6/19/2000,3
6/20/2000,2
6/21/2000,2
6/22/2000,2
6/23/2000,4
6/24/2000,1
6/25/2000,4
6/26/2000,4
6/27/2000,3
6/28/2000,2
6/30/2000,3
7/1/2000,4
7/2/2000,6
7/3/2000,1
7/4/2000,3
7/5/2000,3
7/6/2000,5
7/7/2000,2
7/8/2000,10
7/9/2000,7
7/10/2000,3
7/11/2000,3
7/12/2000,6
7/13/2000,4
7/15/2000,7
7/16/2000,11
7/17/2000,5
7/18/2000,4
7/19/2000,7
7/20/2000,5
7/21/2000,1
7/22/2000,4
7/23/2000,2
7/24/2000,4
7/25/2000,2
7/26/2000,6
7/27/2000,2
7/28/2000,1
7/29/2000,5
7/30/2000,6
7/31/2000,3
8/1/2000,2
8/2/2000,1
8/3/2000,3
8/4/2000,2
8/5/2000,1
8/6/2000,1
8/7/2000,4
8/8/2000,2
8/9/2000,4
8/10/2000,3
8/11/2000,2
8/12/2000,2
8/13/2000,8
8/14/2000,7
8/15/2000,4
8/16/2000,4
8/17/2000,4
8/18/2000,4
8/19/2000,2
8/20/2000,7
8/21/2000,2
8/22/2000,2
8/23/2000,1
8/24/2000,5
8/25/2000,4
8/26/2000,3
8/27/2000,6
8/28/2000,3
8/29/2000,3
8/30/2000,4
8/31/2000,1
9/1/2000,4
9/2/2000,2
9/3/2000,9
9/4/2000,3
9/5/2000,3
9/6/2000,8
9/7/2000,5
9/8/2000,4
9/9/2000,5
9/10/2000,4
9/11/2000,6
9/12/2000,11
9/13/2000,8
9/14/2000,7
9/15/2000,4
9/16/2000,3
9/17/2000,5
9/18/2000,3
9/19/2000,4
9/20/2000,9
9/21/2000,7
9/22/2000,2
9/23/2000,5
9/24/2000,5
9/25/2000,8
9/26/2000,5
9/27/2000,12
9/28/2000,2
9/29/2000,9
9/30/2000,3
10/1/2000,5
10/2/2000,4
10/4/2000,2
10/5/2000,2
10/6/2000,4
10/7/2000,4
10/8/2000,2
10/9/2000,2
10/10/2000,6
10/11/2000,3
10/12/2000,3
10/13/2000,3
10/14/2000,7
10/15/2000,2
10/16/2000,6
10/17/2000,5
10/18/2000,8
10/19/2000,9
10/20/2000,5
10/21/2000,6
10/22/2000,7
10/23/2000,9
10/24/2000,6
10/25/2000,2
10/26/2000,4
10/27/2000,1
10/28/2000,1
10/29/2000,2
10/30/2000,4
10/31/2000,1
11/1/2000,5
11/2/2000,6
11/3/2000,3
11/5/2000,4
11/6/2000,2
11/7/2000,2
11/8/2000,2
11/9/2000,2
11/10/2000,4
11/11/2000,4
11/12/2000,7
11/13/2000,6
11/14/2000,7
11/15/2000,4
11/16/2000,5
11/17/2000,5
11/18/2000,6
11/19/2000,6
11/20/2000,3
11/21/2000,4
11/22/2000,11
11/23/2000,4
11/24/2000,8
11/25/2000,7
11/26/2000,5
11/27/2000,4
11/28/2000,8
11/29/2000,4
11/30/2000,1
12/1/2000,5
12/2/2000,1
12/3/2000,1
12/4/2000,3
12/5/2000,4
12/6/2000,7
12/7/2000,2
12/8/2000,6
12/9/2000,2
12/10/2000,3
12/11/2000,6
12/12/2000,3
12/13/2000,3
12/14/2000,1
12/15/2000,3
12/16/2000,3
12/17/2000,5
12/18/2000,6
12/19/2000,6
12/20/2000,2
12/22/2000,3
12/23/2000,2
12/24/2000,39
12/25/2000,7
12/28/2000,4
12/29/2000,3
12/30/2000,7
12/31/2000,11
1/1/2001,4
1/2/2001,3
1/3/2001,5
1/4/2001,1
1/5/2001,5
1/6/2001,5
1/7/2001,9
1/8/2001,3
1/9/2001,7
1/10/2001,6
1/11/2001,4
1/12/2001,1
1/13/2001,4
1/14/2001,2
1/15/2001,6
1/16/2001,8
1/17/2001,3
1/18/2001,3
1/19/2001,7
1/20/2001,4
1/21/2001,6
1/22/2001,7
1/23/2001,8
1/24/2001,6
1/25/2001,3
1/26/2001,4
1/27/2001,2
1/28/2001,8
1/29/2001,3
1/30/2001,5
1/31/2001,2
2/1/2001,5
2/2/2001,1
2/3/2001,5
2/4/2001,7
2/5/2001,7
2/6/2001,7
2/7/2001,4
2/8/2001,6
2/9/2001,3
2/10/2001,6
2/11/2001,3
2/12/2001,5
2/13/2001,3
2/14/2001,5
2/15/2001,2
2/16/2001,3
2/17/2001,5
2/18/2001,5
2/19/2001,3
2/20/2001,4
2/21/2001,4
2/22/2001,5
2/23/2001,4
2/24/2001,2
2/25/2001,1
2/26/2001,4
2/27/2001,4
2/28/2001,3
3/1/2001,4
3/2/2001,5
3/3/2001,8
3/4/2001,6
3/5/2001,1
3/6/2001,1
3/7/2001,3
3/8/2001,4
3/9/2001,10
3/10/2001,4
3/11/2001,3
3/12/2001,6
3/13/2001,2
3/14/2001,2
3/15/2001,2
3/16/2001,6
3/17/2001,6
3/18/2001,4
3/19/2001,5
3/20/2001,2
3/21/2001,3
3/22/2001,4
3/23/2001,2
3/24/2001,9
3/25/2001,8
3/26/2001,3
3/27/2001,6
3/28/2001,5
3/29/2001,2
3/30/2001,1
4/1/2001,3
4/2/2001,6
4/3/2001,5
4/4/2001,4
4/5/2001,3
4/6/2001,2
4/7/2001,5
4/8/2001,2
4/9/2001,1
4/10/2001,4
4/11/2001,3
4/12/2001,2
4/13/2001,3
4/14/2001,7
4/15/2001,2
4/16/2001,4
4/18/2001,5
4/19/2001,2
4/20/2001,3
4/21/2001,3
4/22/2001,5
4/23/2001,7
4/25/2001,5
4/26/2001,4
4/28/2001,6
4/29/2001,3
4/30/2001,4
5/1/2001,9
5/2/2001,1
5/3/2001,2
5/4/2001,2
5/5/2001,3
5/6/2001,3
5/7/2001,2
5/8/2001,1
5/9/2001,3
5/10/2001,6
5/11/2001,2
5/12/2001,1
5/13/2001,1
5/14/2001,1
5/15/2001,4
5/16/2001,1
5/18/2001,2
5/20/2001,1
5/21/2001,5
5/23/2001,2
5/24/2001,3
5/25/2001,2
5/27/2001,2
5/28/2001,8
5/29/2001,7
5/30/2001,5
5/31/2001,6
6/1/2001,3
6/2/2001,4
6/3/2001,3
6/4/2001,1
6/5/2001,1
6/6/2001,1
6/7/2001,6
6/8/2001,4
6/10/2001,3
6/11/2001,2
6/12/2001,2
6/13/2001,3
6/14/2001,3
6/15/2001,7
6/16/2001,1
6/18/2001,2
6/19/2001,2
6/21/2001,1
6/22/2001,3
6/23/2001,1
6/24/2001,1
6/25/2001,5
6/26/2001,5
6/27/2001,5
6/28/2001,4
6/29/2001,2
7/1/2001,1
7/2/2001,2
7/3/2001,1
7/4/2001,4
7/5/2001,1
7/6/2001,2
7/7/2001,5
7/8/2001,1
7/9/2001,3
7/10/2001,1
7/11/2001,2
7/13/2001,1
7/14/2001,1
7/15/2001,2
7/16/2001,3
7/17/2001,2
7/18/2001,3
7/19/2001,2
7/20/2001,4
7/21/2001,1
7/22/2001,3
7/23/2001,9
7/24/2001,2
7/25/2001,2
7/26/2001,1
7/27/2001,5
7/29/2001,2
7/30/2001,1
7/31/2001,1
8/1/2001,12
8/2/2001,13
8/3/2001,11
8/4/2001,4
8/5/2001,23
8/6/2001,6
8/7/2001,18
8/8/2001,11
8/9/2001,15
8/10/2001,16
8/11/2001,14
8/12/2001,21
8/13/2001,18
8/14/2001,27
8/15/2001,18
8/16/2001,26
8/17/2001,16
8/18/2001,20
8/19/2001,14
8/20/2001,21
8/21/2001,16
8/22/2001,20
8/23/2001,26
8/24/2001,19
8/25/2001,20
8/26/2001,23
8/27/2001,23
8/28/2001,22
8/29/2001,26
8/30/2001,15
8/31/2001,10
9/1/2001,7
9/2/2001,7
9/3/2001,8
9/4/2001,4
9/5/2001,3
9/6/2001,2
9/7/2001,2
9/8/2001,5
9/9/2001,6
9/10/2001,4
9/11/2001,8
9/12/2001,1
9/13/2001,3
9/14/2001,2
9/15/2001,7
9/16/2001,5
9/17/2001,2
9/18/2001,1
9/19/2001,6
9/20/2001,6
9/21/2001,1
9/23/2001,3
9/24/2001,3
9/25/2001,2
9/26/2001,3
9/27/2001,3
9/28/2001,5
9/30/2001,1
10/1/2001,4
10/2/2001,4
10/3/2001,2
10/4/2001,3
10/6/2001,1
10/7/2001,3
10/8/2001,5
10/9/2001,1
10/10/2001,5
10/11/2001,6
10/12/2001,4
10/15/2001,5
10/16/2001,3
10/17/2001,4
10/18/2001,4
10/19/2001,2
10/20/2001,3
10/21/2001,1
10/22/2001,3
10/23/2001,1
10/24/2001,1
10/25/2001,1
10/26/2001,4
10/27/2001,4
10/28/2001,7
10/29/2001,4
10/30/2001,4
11/1/2001,4
11/2/2001,2
11/3/2001,2
11/4/2001,1
11/5/2001,7
11/6/2001,5
11/7/2001,3
11/9/2001,2
11/10/2001,9
11/11/2001,10
11/12/2001,1
11/13/2001,1
11/14/2001,5
11/15/2001,4
11/16/2001,2
11/17/2001,2
11/18/2001,3
11/19/2001,1
11/20/2001,2
11/21/2001,4
11/22/2001,4
11/23/2001,3
11/24/2001,5
11/25/2001,3
11/26/2001,3
11/27/2001,5
11/28/2001,3
11/29/2001,13
11/30/2001,3
12/1/2001,10
12/2/2001,4
12/3/2001,6
12/4/2001,3
12/5/2001,2
12/6/2001,2
12/7/2001,1
12/8/2001,4
12/9/2001,6
12/10/2001,4
12/12/2001,5
12/13/2001,2
12/14/2001,4
12/15/2001,5
12/17/2001,5
12/18/2001,3
12/20/2001,3
12/21/2001,1
12/22/2001,3
12/23/2001,4
12/24/2001,8
12/25/2001,1
12/26/2001,4
12/27/2001,1
12/28/2001,3
12/30/2001,2
1/1/2002,11
1/2/2002,5
1/3/2002,4
1/4/2002,4
1/5/2002,6
1/6/2002,2
1/7/2002,1
1/8/2002,2
1/11/2002,1
1/12/2002,4
1/14/2002,1
1/15/2002,7
1/16/2002,9
1/17/2002,9
1/18/2002,8
1/19/2002,3
1/20/2002,4
1/21/2002,1
1/22/2002,4
1/23/2002,3
1/24/2002,5
1/25/2002,6
1/26/2002,3
1/27/2002,2
1/28/2002,4
1/30/2002,6
1/31/2002,4
2/1/2002,8
2/2/2002,7
2/3/2002,5
2/4/2002,8
2/5/2002,5
2/6/2002,6
2/7/2002,5
2/8/2002,9
2/9/2002,5
2/10/2002,4
2/11/2002,10
2/12/2002,5
2/13/2002,6
2/14/2002,5
2/15/2002,3
2/16/2002,4
2/17/2002,3
2/18/2002,2
2/19/2002,3
2/20/2002,3
2/21/2002,1
2/22/2002,3
2/23/2002,4
2/24/2002,2
2/25/2002,2
2/26/2002,1
2/27/2002,2
2/28/2002,4
3/1/2002,1
3/2/2002,1
3/3/2002,1
3/4/2002,2
3/5/2002,6
3/7/2002,2
3/8/2002,1
3/9/2002,2
3/12/2002,4
3/14/2002,1
3/15/2002,3
3/16/2002,1
3/17/2002,3
3/18/2002,2
3/19/2002,4
3/20/2002,4
3/21/2002,2
3/22/2002,4
3/23/2002,3
3/24/2002,5
3/25/2002,2
3/26/2002,2
3/27/2002,3
3/28/2002,2
3/29/2002,5
3/30/2002,3
3/31/2002,2
4/1/2002,12
4/2/2002,5
4/3/2002,6
4/4/2002,1
4/5/2002,2
4/6/2002,1
4/7/2002,1
4/8/2002,2
4/9/2002,5
4/11/2002,3
4/12/2002,5
4/13/2002,4
4/14/2002,2
4/15/2002,3
4/16/2002,7
4/17/2002,1
4/18/2002,2
4/19/2002,4
4/21/2002,3
4/22/2002,6
4/24/2002,6
4/25/2002,4
4/26/2002,2
4/27/2002,2
4/28/2002,5
4/30/2002,1
5/1/2002,13
5/2/2002,8
5/3/2002,4
5/4/2002,5
5/5/2002,5
5/6/2002,4
5/7/2002,8
5/8/2002,10
5/9/2002,5
5/10/2002,5
5/11/2002,4
5/12/2002,4
5/13/2002,7
5/14/2002,2
5/15/2002,3
5/16/2002,3
5/17/2002,3
5/18/2002,2
5/19/2002,4
5/20/2002,4
5/21/2002,2
5/22/2002,3
5/23/2002,6
5/24/2002,3
5/25/2002,4
5/27/2002,1
5/28/2002,5
5/29/2002,8
5/30/2002,1
5/31/2002,2
6/1/2002,2
6/3/2002,3
6/4/2002,3
6/5/2002,3
6/6/2002,7
6/7/2002,4
6/8/2002,2
6/9/2002,3
6/10/2002,2
6/11/2002,5
6/12/2002,1
6/13/2002,3
6/14/2002,6
6/15/2002,4
6/16/2002,2
6/17/2002,8
6/19/2002,2
6/20/2002,5
6/21/2002,6
6/22/2002,2
6/23/2002,2
6/24/2002,8
6/26/2002,1
6/27/2002,7
6/28/2002,1
6/29/2002,1
6/30/2002,1
7/1/2002,5
7/2/2002,1
7/3/2002,1
7/4/2002,4
7/5/2002,7
7/6/2002,3
7/8/2002,4
7/9/2002,1
7/10/2002,5
7/11/2002,2
7/12/2002,9
7/13/2002,4
7/16/2002,2
7/17/2002,7
7/18/2002,4
7/20/2002,2
7/21/2002,2
7/22/2002,2
7/23/2002,2
7/24/2002,2
7/25/2002,1
7/26/2002,2
7/27/2002,2
7/28/2002,1
7/29/2002,1
7/30/2002,5
7/31/2002,3
8/1/2002,8
8/2/2002,4
8/3/2002,2
8/4/2002,13
8/5/2002,4
8/6/2002,5
8/7/2002,3
8/8/2002,4
8/9/2002,5
8/10/2002,1
8/11/2002,6
8/12/2002,4
8/13/2002,6
8/14/2002,2
8/15/2002,4
8/16/2002,4
8/17/2002,2
8/18/2002,1
8/19/2002,1
8/20/2002,4
8/22/2002,1
8/23/2002,1
8/25/2002,4
8/26/2002,7
8/27/2002,3
8/28/2002,4
8/29/2002,8
8/30/2002,3
8/31/2002,3
9/1/2002,2
9/2/2002,2
9/5/2002,6
9/6/2002,3
9/7/2002,2
9/8/2002,2
9/9/2002,1
9/11/2002,2
9/12/2002,1
9/13/2002,1
9/14/2002,1
9/15/2002,9
9/16/2002,2
9/17/2002,2
9/18/2002,3
9/19/2002,6
9/20/2002,1
9/21/2002,2
9/22/2002,2
9/24/2002,3
9/25/2002,2
9/26/2002,1
9/28/2002,3
9/29/2002,3
10/1/2002,4
10/2/2002,5
10/3/2002,3
10/4/2002,1
10/6/2002,1
10/7/2002,3
10/8/2002,4
10/9/2002,2
10/10/2002,2
10/11/2002,3
10/12/2002,8
10/13/2002,2
10/16/2002,4
10/17/2002,3
10/18/2002,2
10/19/2002,1
10/20/2002,2
10/21/2002,3
10/22/2002,2
10/23/2002,4
10/24/2002,2
10/25/2002,1
10/26/2002,1
10/27/2002,3
10/28/2002,1
10/29/2002,5
10/30/2002,3
11/1/2002,2
11/2/2002,4
11/3/2002,7
11/4/2002,7
11/5/2002,1
11/6/2002,1
11/8/2002,3
11/9/2002,3
11/10/2002,1
11/11/2002,2
11/12/2002,5
11/13/2002,4
11/14/2002,4
11/15/2002,2
11/16/2002,1
11/17/2002,3
11/18/2002,3
11/19/2002,2
11/20/2002,4
11/21/2002,8
11/22/2002,2
11/23/2002,3
11/24/2002,1
11/25/2002,5
11/26/2002,7
11/27/2002,2
11/28/2002,8
11/30/2002,1
12/1/2002,1
12/2/2002,3
12/3/2002,2
12/4/2002,2
12/5/2002,3
12/7/2002,3
12/8/2002,2
12/9/2002,1
12/11/2002,1
12/12/2002,2
12/13/2002,4
12/14/2002,1
12/16/2002,4
12/17/2002,1
12/18/2002,1
12/19/2002,1
12/21/2002,1
12/23/2002,1
12/25/2002,1
12/27/2002,3
12/28/2002,1
12/30/2002,1
1/1/2003,16
1/2/2003,4
1/3/2003,8
1/4/2003,5
1/5/2003,7
1/6/2003,5
1/7/2003,5
1/8/2003,2
1/9/2003,4
1/10/2003,9
1/11/2003,8
1/12/2003,5
1/13/2003,7
1/14/2003,4
1/15/2003,2
1/16/2003,12
1/17/2003,3
1/18/2003,2
1/19/2003,3
1/20/2003,6
1/21/2003,3
1/22/2003,4
1/23/2003,7
1/24/2003,3
1/25/2003,4
1/26/2003,10
1/27/2003,3
1/28/2003,14
1/29/2003,2
1/30/2003,2
1/31/2003,4
2/1/2003,1
2/2/2003,4
2/3/2003,3
2/4/2003,3
2/6/2003,2
2/7/2003,3
2/8/2003,8
2/9/2003,6
2/10/2003,7
2/12/2003,3
2/13/2003,3
2/14/2003,3
2/15/2003,2
2/16/2003,4
2/18/2003,7
2/19/2003,2
2/20/2003,3
2/21/2003,6
2/22/2003,2
2/23/2003,3
2/24/2003,2
2/25/2003,10
2/26/2003,4
2/27/2003,5
2/28/2003,2
3/1/2003,2
3/2/2003,1
3/3/2003,5
3/4/2003,10
3/5/2003,8
3/6/2003,3
3/7/2003,7
3/8/2003,7
3/9/2003,2
3/10/2003,5
3/11/2003,11
3/12/2003,7
3/13/2003,5
3/14/2003,6
3/15/2003,6
3/16/2003,3
3/17/2003,5
3/18/2003,7
3/19/2003,5
3/20/2003,3
3/21/2003,6
3/22/2003,8
3/23/2003,13
3/24/2003,3
3/25/2003,2
3/26/2003,8
3/27/2003,7
3/28/2003,6
3/29/2003,2
3/30/2003,5
3/31/2003,3
4/1/2003,1
4/2/2003,2
4/3/2003,3
4/4/2003,3
4/5/2003,1
4/6/2003,1
4/7/2003,1
4/8/2003,5
4/9/2003,2
4/10/2003,3
4/11/2003,1
4/12/2003,5
4/13/2003,3
4/14/2003,5
4/15/2003,3
4/17/2003,5
4/18/2003,2
4/19/2003,3
4/20/2003,1
4/21/2003,2
4/22/2003,2
4/23/2003,1
4/24/2003,2
4/26/2003,2
4/27/2003,1
4/28/2003,1
4/29/2003,1
4/30/2003,2
5/1/2003,2
5/2/2003,5
5/3/2003,2
5/4/2003,3
5/5/2003,5
5/6/2003,5
5/7/2003,6
5/8/2003,1
5/9/2003,6
5/10/2003,5
5/12/2003,8
5/13/2003,3
5/14/2003,3
5/15/2003,2
5/16/2003,5
5/17/2003,4
5/18/2003,2
5/19/2003,4
5/20/2003,3
5/21/2003,6
5/22/2003,2
5/23/2003,2
5/24/2003,5
5/25/2003,5
5/26/2003,4
5/27/2003,5
5/28/2003,2
5/29/2003,2
5/30/2003,3
5/31/2003,4
6/1/2003,3
6/2/2003,1
6/3/2003,2
6/4/2003,9
6/5/2003,2
6/6/2003,1
6/8/2003,2
6/11/2003,1
6/13/2003,1
6/14/2003,1
6/15/2003,6
6/16/2003,3
6/17/2003,5
6/19/2003,1
6/20/2003,2
6/21/2003,2
6/22/2003,3
6/23/2003,5
6/24/2003,2
6/26/2003,1
6/27/2003,1
6/30/2003,2
7/1/2003,4
7/2/2003,3
7/3/2003,4
7/4/2003,4
7/5/2003,4
7/6/2003,1
7/7/2003,5
7/8/2003,2
7/9/2003,5
7/10/2003,3
7/11/2003,2
7/12/2003,2
7/13/2003,1
7/14/2003,7
7/15/2003,5
7/16/2003,3
7/17/2003,5
7/18/2003,1
7/19/2003,2
7/20/2003,2
7/21/2003,4
7/22/2003,3
7/25/2003,8
7/27/2003,5
7/28/2003,4
7/29/2003,4
7/30/2003,2
7/31/2003,1
8/1/2003,4
8/2/2003,3
8/3/2003,4
8/4/2003,2
8/5/2003,1
8/6/2003,1
8/7/2003,3
8/8/2003,3
8/9/2003,1
8/10/2003,3
8/12/2003,2
8/13/2003,1
8/19/2003,2
8/20/2003,1
8/22/2003,1
8/24/2003,1
8/25/2003,1
8/26/2003,1
8/28/2003,2
8/29/2003,1
9/1/2003,3
9/2/2003,3
9/3/2003,3
9/4/2003,2
9/5/2003,2
9/6/2003,3
9/7/2003,2
9/8/2003,2
9/9/2003,3
9/10/2003,2
9/11/2003,2
9/14/2003,1
9/15/2003,1
9/17/2003,1
9/19/2003,2
9/20/2003,2
9/22/2003,3
9/23/2003,3
9/24/2003,6
9/25/2003,3
9/26/2003,5
9/27/2003,2
9/28/2003,3
9/30/2003,1
10/1/2003,5
10/2/2003,4
10/3/2003,2
10/4/2003,2
10/6/2003,1
10/7/2003,2
10/8/2003,2
10/9/2003,5
10/10/2003,4
10/12/2003,2
10/13/2003,1
10/14/2003,2
10/15/2003,3
10/16/2003,5
10/17/2003,2
10/20/2003,2
10/21/2003,1
10/22/2003,1
10/23/2003,1
10/25/2003,2
10/26/2003,1
10/27/2003,4
10/28/2003,1
10/29/2003,2
10/31/2003,1
11/1/2003,1
11/2/2003,2
11/3/2003,3
11/4/2003,1
11/5/2003,4
11/8/2003,3
11/9/2003,2
11/10/2003,4
11/11/2003,3
11/12/2003,3
11/13/2003,1
11/14/2003,4
11/15/2003,1
11/16/2003,1
11/17/2003,3
11/18/2003,9
11/19/2003,4
11/20/2003,6
11/21/2003,4
11/22/2003,6
11/23/2003,1
11/24/2003,7
11/25/2003,1
11/26/2003,1
11/27/2003,5
11/28/2003,1
11/29/2003,3
11/30/2003,1
12/1/2003,4
12/2/2003,3
12/3/2003,3
12/4/2003,5
12/5/2003,2
12/6/2003,4
12/8/2003,2
12/9/2003,6
12/10/2003,1
12/11/2003,1
12/12/2003,2
12/14/2003,1
12/15/2003,1
12/16/2003,3
12/18/2003,1
12/19/2003,2
12/20/2003,1
12/22/2003,2
12/23/2003,3
12/24/2003,4
12/25/2003,3
12/26/2003,2
12/27/2003,6
12/28/2003,2
12/29/2003,5
12/30/2003,1
12/31/2003,1
1/1/2004,3
1/2/2004,2
1/3/2004,1
1/4/2004,2
1/5/2004,4
1/6/2004,3
1/7/2004,4
1/8/2004,2
1/9/2004,4
1/10/2004,4
1/11/2004,2
1/12/2004,5
1/13/2004,1
1/14/2004,4
1/15/2004,3
1/16/2004,2
1/18/2004,3
1/19/2004,2
1/22/2004,1
1/23/2004,1
1/24/2004,1
1/25/2004,1
1/27/2004,2
1/28/2004,1
1/29/2004,1
1/30/2004,1
1/31/2004,4
2/1/2004,2
2/2/2004,1
2/5/2004,2
2/6/2004,1
2/7/2004,2
2/10/2004,1
2/11/2004,1
2/12/2004,2
2/15/2004,2
2/16/2004,6
2/17/2004,2
2/18/2004,3
2/22/2004,2
2/23/2004,1
2/25/2004,1
2/27/2004,2
2/28/2004,1
3/1/2004,2
3/2/2004,6
3/3/2004,3
3/4/2004,2
3/5/2004,2
3/6/2004,4
3/7/2004,2
3/8/2004,2
3/9/2004,3
3/10/2004,2
3/11/2004,7
3/12/2004,1
3/14/2004,1
3/15/2004,1
3/16/2004,2
3/17/2004,3
3/18/2004,3
3/20/2004,1
3/21/2004,4
3/22/2004,2
3/24/2004,1
3/25/2004,1
3/27/2004,1
3/28/2004,4
3/29/2004,4
3/30/2004,2
3/31/2004,4
4/1/2004,3
4/2/2004,2
4/3/2004,3
4/4/2004,4
4/5/2004,3
4/6/2004,5
4/7/2004,2
4/8/2004,4
4/9/2004,4
4/10/2004,6
4/11/2004,2
4/13/2004,2
4/14/2004,4
4/15/2004,4
4/16/2004,4
4/17/2004,3
4/18/2004,1
4/19/2004,3
4/20/2004,8
4/21/2004,4
4/22/2004,1
4/23/2004,4
4/24/2004,3
4/26/2004,2
4/27/2004,1
4/28/2004,1
4/30/2004,2
5/1/2004,4
5/2/2004,1
5/3/2004,4
5/4/2004,1
5/5/2004,3
5/6/2004,2
5/7/2004,1
5/9/2004,1
5/10/2004,2
5/13/2004,4
5/14/2004,2
5/16/2004,2
5/17/2004,7
5/18/2004,3
5/19/2004,1
5/20/2004,8
5/21/2004,4
5/22/2004,3
5/23/2004,2
5/24/2004,2
5/25/2004,4
5/26/2004,1
5/27/2004,4
5/28/2004,1
5/29/2004,3
5/30/2004,4
5/31/2004,6
6/1/2004,1
6/2/2004,4
6/3/2004,7
6/4/2004,3
6/5/2004,8
6/6/2004,5
6/7/2004,7
6/8/2004,3
6/9/2004,8
6/10/2004,7
6/11/2004,2
6/12/2004,5
6/13/2004,3
6/14/2004,8
6/15/2004,5
6/16/2004,10
6/17/2004,4
6/18/2004,3
6/19/2004,3
6/20/2004,3
6/21/2004,4
6/22/2004,5
6/23/2004,5
6/24/2004,5
6/26/2004,8
6/27/2004,3
6/28/2004,4
6/29/2004,2
6/30/2004,4
7/2/2004,6
7/3/2004,2
7/6/2004,3
7/7/2004,3
7/8/2004,3
7/9/2004,1
7/10/2004,1
7/11/2004,3
7/12/2004,1
7/13/2004,1
7/14/2004,2
7/15/2004,10
7/16/2004,2
7/17/2004,1
7/18/2004,2
7/19/2004,5
7/20/2004,1
7/21/2004,4
7/22/2004,2
7/23/2004,2
7/24/2004,2
7/25/2004,4
7/26/2004,6
7/27/2004,2
7/28/2004,5
7/29/2004,2
7/30/2004,5
7/31/2004,6
8/1/2004,9
8/2/2004,5
8/3/2004,8
8/4/2004,4
8/5/2004,1
8/6/2004,2
8/7/2004,2
8/8/2004,3
8/9/2004,3
8/10/2004,2
8/11/2004,2
8/12/2004,2
8/13/2004,3
8/14/2004,1
8/15/2004,2
8/16/2004,3
8/17/2004,3
8/18/2004,2
8/20/2004,4
8/21/2004,3
8/22/2004,1
8/24/2004,5
8/25/2004,7
8/26/2004,8
8/27/2004,8
8/28/2004,6
8/30/2004,3
8/31/2004,4
9/1/2004,2
9/2/2004,2
9/3/2004,4
9/4/2004,1
9/5/2004,4
9/6/2004,1
9/7/2004,1
9/8/2004,1
9/9/2004,1
9/10/2004,3
9/11/2004,2
9/12/2004,4
9/13/2004,1
9/14/2004,6
9/15/2004,4
9/16/2004,5
9/17/2004,4
9/18/2004,2
9/19/2004,3
9/20/2004,1
9/21/2004,1
9/22/2004,4
9/23/2004,5
9/24/2004,1
9/25/2004,3
9/26/2004,4
9/27/2004,4
9/28/2004,7
9/29/2004,2
9/30/2004,3
10/1/2004,3
10/2/2004,4
10/3/2004,5
10/4/2004,3
10/5/2004,3
10/6/2004,4
10/7/2004,4
10/8/2004,3
10/9/2004,5
10/10/2004,5
10/11/2004,2
10/12/2004,1
10/13/2004,2
10/14/2004,7
10/15/2004,2
10/16/2004,8
10/17/2004,3
10/18/2004,2
10/19/2004,3
10/21/2004,2
10/23/2004,3
10/24/2004,5
10/25/2004,6
10/26/2004,1
10/27/2004,2
10/28/2004,4
10/29/2004,3
10/30/2004,1
10/31/2004,3
11/1/2004,7
11/2/2004,8
11/3/2004,1
11/4/2004,3
11/5/2004,2
11/6/2004,2
11/7/2004,3
11/8/2004,5
11/9/2004,3
11/11/2004,3
11/12/2004,1
11/13/2004,3
11/15/2004,2
11/17/2004,1
11/18/2004,2
11/19/2004,4
11/21/2004,1
11/23/2004,1
11/24/2004,1
11/25/2004,3
11/26/2004,1
11/27/2004,1
11/28/2004,1
11/29/2004,2
12/2/2004,2
12/3/2004,7
12/4/2004,2
12/5/2004,2
12/6/2004,9
12/8/2004,4
12/9/2004,4
12/10/2004,7
12/11/2004,2
12/12/2004,2
12/13/2004,1
12/14/2004,2
12/15/2004,4
12/17/2004,1
12/19/2004,3
12/20/2004,1
12/23/2004,2
12/24/2004,3
12/25/2004,1
12/26/2004,1
12/27/2004,3
12/28/2004,1
12/29/2004,3
12/30/2004,1
1/1/2005,8
1/2/2005,18
1/3/2005,4
1/4/2005,3
1/5/2005,4
1/6/2005,3
1/7/2005,4
1/8/2005,3
1/9/2005,2
1/10/2005,4
1/11/2005,2
1/12/2005,2
1/13/2005,10
1/14/2005,2
1/15/2005,1
1/16/2005,3
1/17/2005,4
1/18/2005,6
1/19/2005,6
1/21/2005,5
1/22/2005,3
1/23/2005,1
1/24/2005,4
1/25/2005,5
1/26/2005,2
1/27/2005,5
1/29/2005,2
1/30/2005,3
1/31/2005,2
2/1/2005,2
2/4/2005,1
2/5/2005,1
2/6/2005,1
2/7/2005,7
2/8/2005,3
2/9/2005,3
2/10/2005,1
2/11/2005,3
2/12/2005,2
2/13/2005,1
2/14/2005,3
2/15/2005,1
2/17/2005,2
2/18/2005,2
2/19/2005,4
2/20/2005,2
2/21/2005,1
2/23/2005,2
2/24/2005,7
2/25/2005,5
2/28/2005,2
3/1/2005,2
3/2/2005,3
3/3/2005,7
3/4/2005,3
3/5/2005,4
3/6/2005,4
3/7/2005,6
3/8/2005,6
3/9/2005,8
3/10/2005,10
3/11/2005,5
3/12/2005,5
3/13/2005,6
3/14/2005,3
3/15/2005,4
3/16/2005,4
3/17/2005,8
3/18/2005,3
3/19/2005,12
3/20/2005,12
3/21/2005,5
3/22/2005,8
3/23/2005,6
3/24/2005,5
3/25/2005,1
3/26/2005,7
3/27/2005,5
3/28/2005,11
3/29/2005,4
3/30/2005,5
3/31/2005,4
4/1/2005,8
4/2/2005,7
4/3/2005,8
4/4/2005,5
4/5/2005,7
4/6/2005,5
4/7/2005,9
4/8/2005,4
4/9/2005,9
4/10/2005,7
4/11/2005,10
4/12/2005,11
4/13/2005,8
4/14/2005,7
4/15/2005,9
4/17/2005,1
4/18/2005,1
4/19/2005,1
4/20/2005,4
4/21/2005,3
4/22/2005,2
4/23/2005,2
4/24/2005,4
4/25/2005,3
4/26/2005,2
4/27/2005,3
4/28/2005,8
4/29/2005,2
4/30/2005,5
5/1/2005,3
5/2/2005,7
5/3/2005,5
5/4/2005,4
5/5/2005,7
5/6/2005,8
5/7/2005,5
5/8/2005,4
5/9/2005,4
5/10/2005,7
5/11/2005,9
5/12/2005,11
5/13/2005,1
5/14/2005,7
5/15/2005,13
5/16/2005,6
5/17/2005,7
5/18/2005,8
5/19/2005,6
5/20/2005,8
5/21/2005,1
5/22/2005,3
5/23/2005,9
5/24/2005,8
5/25/2005,4
5/26/2005,4
5/27/2005,6
5/28/2005,7
5/29/2005,13
5/30/2005,3
5/31/2005,4
6/1/2005,4
6/2/2005,5
6/3/2005,2
6/4/2005,1
6/5/2005,4
6/6/2005,5
6/7/2005,3
6/9/2005,5
6/10/2005,3
6/11/2005,4
6/12/2005,4
6/13/2005,8
6/14/2005,2
6/15/2005,3
6/16/2005,3
6/17/2005,6
6/18/2005,8
6/19/2005,3
6/20/2005,8
6/21/2005,3
6/22/2005,5
6/23/2005,2
6/24/2005,3
6/25/2005,2
6/26/2005,2
6/27/2005,1
6/28/2005,5
6/29/2005,3
6/30/2005,2
7/1/2005,11
7/2/2005,12
7/3/2005,5
7/4/2005,6
7/5/2005,7
7/6/2005,11
7/7/2005,10
7/8/2005,5
7/9/2005,9
7/10/2005,7
7/11/2005,6
7/12/2005,10
7/13/2005,8
7/14/2005,10
7/15/2005,6
7/16/2005,11
7/17/2005,6
7/18/2005,3
7/19/2005,4
7/21/2005,13
7/22/2005,3
7/23/2005,4
7/24/2005,8
7/25/2005,9
7/26/2005,9
7/27/2005,7
7/28/2005,10
7/29/2005,10
7/30/2005,9
7/31/2005,5
8/1/2005,6
8/2/2005,12
8/3/2005,6
8/4/2005,10
8/5/2005,5
8/6/2005,7
8/7/2005,17
8/8/2005,7
8/9/2005,4
8/10/2005,11
8/11/2005,9
8/12/2005,7
8/13/2005,4
8/14/2005,7
8/15/2005,9
8/16/2005,2
8/17/2005,6
8/18/2005,5
8/19/2005,1
8/20/2005,13
8/21/2005,7
8/22/2005,4
8/23/2005,5
8/24/2005,11
8/25/2005,7
8/26/2005,1
8/27/2005,2
8/28/2005,9
8/29/2005,2
8/30/2005,6
8/31/2005,7
9/1/2005,1
9/2/2005,5
9/3/2005,2
9/4/2005,3
9/5/2005,6
9/7/2005,4
9/8/2005,1
9/9/2005,2
9/10/2005,2
9/11/2005,3
9/12/2005,2
9/13/2005,4
9/14/2005,6
9/15/2005,1
9/16/2005,6
9/17/2005,7
9/18/2005,2
9/19/2005,4
9/20/2005,4
9/21/2005,1
9/22/2005,2
9/23/2005,4
9/24/2005,1
9/25/2005,6
9/26/2005,2
9/27/2005,3
9/28/2005,1
9/29/2005,5
9/30/2005,3
10/1/2005,4
10/2/2005,7
10/3/2005,5
10/4/2005,3
10/5/2005,2
10/6/2005,4
10/7/2005,2
10/9/2005,1
10/10/2005,4
10/11/2005,2
10/12/2005,3
10/13/2005,8
10/14/2005,1
10/15/2005,1
10/16/2005,3
10/17/2005,7
10/18/2005,4
10/19/2005,6
10/20/2005,5
10/21/2005,2
10/22/2005,3
10/23/2005,6
10/24/2005,5
10/25/2005,4
10/26/2005,1
10/27/2005,1
10/28/2005,3
10/29/2005,7
10/30/2005,7
10/31/2005,4
11/1/2005,1
11/2/2005,3
11/4/2005,1
11/5/2005,1
11/7/2005,1
11/8/2005,2
11/9/2005,6
11/10/2005,1
11/11/2005,3
11/12/2005,3
11/13/2005,1
11/14/2005,4
11/15/2005,2
11/16/2005,3
11/17/2005,2
11/18/2005,3
11/19/2005,5
11/20/2005,4
11/21/2005,3
11/22/2005,1
11/23/2005,2
11/24/2005,3
11/26/2005,2
11/27/2005,1
11/29/2005,4
12/1/2005,1
12/2/2005,5
12/3/2005,1
12/4/2005,2
12/5/2005,3
12/6/2005,6
12/7/2005,2
12/8/2005,3
12/9/2005,5
12/10/2005,2
12/11/2005,1
12/12/2005,5
12/13/2005,3
12/14/2005,6
12/15/2005,3
12/16/2005,3
12/17/2005,4
12/18/2005,6
12/19/2005,3
12/20/2005,3
12/21/2005,6
12/22/2005,6
12/23/2005,4
12/24/2005,3
12/25/2005,4
12/26/2005,4
12/27/2005,2
12/28/2005,3
12/29/2005,4
12/30/2005,5
12/31/2005,2
1/2/2006,8
1/3/2006,9
1/4/2006,2
1/5/2006,6
1/6/2006,3
1/7/2006,4
1/8/2006,5
1/9/2006,3
1/10/2006,1
1/11/2006,3
1/12/2006,2
1/13/2006,2
1/14/2006,5
1/15/2006,1
1/16/2006,4
1/17/2006,7
1/18/2006,12
1/19/2006,15
1/20/2006,13
1/21/2006,11
1/22/2006,16
1/23/2006,21
1/24/2006,27
1/25/2006,9
1/26/2006,9
1/27/2006,15
1/28/2006,6
1/29/2006,12
1/30/2006,14
1/31/2006,5
2/1/2006,12
2/2/2006,25
2/3/2006,12
2/4/2006,13
2/5/2006,17
2/6/2006,13
2/7/2006,16
2/8/2006,11
2/9/2006,11
2/10/2006,11
2/11/2006,9
2/12/2006,13
2/13/2006,16
2/14/2006,15
2/15/2006,11
2/16/2006,16
2/17/2006,15
2/18/2006,11
2/19/2006,19
2/20/2006,17
2/21/2006,15
2/22/2006,13
2/23/2006,10
2/24/2006,15
2/25/2006,15
2/26/2006,12
2/27/2006,18
2/28/2006,18
3/1/2006,3
3/2/2006,10
3/3/2006,6
3/4/2006,6
3/5/2006,1
3/6/2006,2
3/7/2006,6
3/8/2006,1
3/9/2006,3
3/10/2006,3
3/11/2006,1
3/12/2006,4
3/13/2006,13
3/14/2006,2
3/15/2006,3
3/16/2006,6
3/17/2006,2
3/18/2006,1
3/19/2006,2
3/20/2006,1
3/22/2006,4
3/23/2006,6
3/24/2006,3
3/25/2006,1
3/26/2006,4
3/27/2006,2
3/28/2006,2
3/29/2006,1
3/30/2006,1
4/1/2006,16
4/2/2006,27
4/3/2006,30
4/4/2006,19
4/5/2006,14
4/6/2006,18
4/7/2006,19
4/8/2006,10
4/9/2006,12
4/10/2006,17
4/11/2006,15
4/12/2006,29
4/13/2006,22
4/14/2006,23
4/15/2006,9
4/16/2006,2
4/17/2006,1
4/19/2006,3
4/20/2006,3
4/21/2006,2
4/22/2006,3
4/23/2006,4
4/24/2006,1
4/25/2006,3
4/27/2006,3
4/28/2006,3
4/29/2006,1
4/30/2006,2
5/1/2006,7
5/2/2006,7
5/3/2006,8
5/4/2006,3
5/5/2006,4
5/6/2006,2
5/7/2006,5
5/8/2006,4
5/9/2006,3
5/10/2006,2
5/11/2006,4
5/12/2006,6
5/13/2006,3
5/14/2006,8
5/15/2006,1
5/16/2006,7
5/17/2006,8
5/18/2006,8
5/19/2006,5
5/20/2006,7
5/21/2006,9
5/22/2006,11
5/23/2006,3
5/24/2006,1
5/25/2006,7
5/26/2006,4
5/27/2006,3
5/28/2006,13
5/29/2006,3
5/30/2006,5
5/31/2006,5
6/1/2006,2
6/2/2006,5
6/3/2006,2
6/4/2006,4
6/5/2006,5
6/6/2006,3
6/7/2006,3
6/8/2006,3
6/9/2006,2
6/10/2006,2
6/11/2006,6
6/12/2006,8
6/14/2006,1
6/15/2006,7
6/16/2006,3
6/17/2006,1
6/18/2006,4
6/19/2006,2
6/20/2006,1
6/22/2006,3
6/23/2006,3
6/24/2006,9
6/26/2006,1
6/27/2006,2
6/28/2006,7
6/29/2006,2
6/30/2006,4
7/1/2006,8
7/2/2006,13
7/3/2006,16
7/4/2006,12
7/5/2006,18
7/6/2006,18
7/7/2006,28
7/8/2006,6
7/9/2006,2
7/10/2006,10
7/11/2006,8
7/12/2006,7
7/13/2006,6
7/14/2006,3
7/15/2006,6
7/16/2006,7
7/17/2006,4
7/18/2006,4
7/19/2006,13
7/20/2006,5
7/21/2006,4
7/22/2006,1
7/23/2006,3
7/24/2006,4
7/25/2006,1
7/26/2006,1
7/27/2006,4
7/28/2006,2
7/29/2006,6
7/30/2006,1
7/31/2006,6
8/1/2006,13
8/2/2006,15
8/3/2006,15
8/4/2006,9
8/5/2006,8
8/6/2006,11
8/7/2006,10
8/8/2006,9
8/9/2006,3
8/10/2006,4
8/11/2006,3
8/12/2006,3
8/13/2006,11
8/14/2006,6
8/15/2006,2
8/16/2006,2
8/17/2006,3
8/18/2006,7
8/19/2006,5
8/20/2006,5
8/21/2006,4
8/22/2006,6
8/23/2006,5
8/24/2006,7
8/25/2006,3
8/26/2006,3
8/27/2006,6
8/28/2006,12
8/29/2006,10
8/30/2006,3
8/31/2006,4
9/1/2006,5
9/2/2006,5
9/3/2006,2
9/4/2006,1
9/5/2006,2
9/6/2006,7
9/7/2006,6
9/8/2006,6
9/9/2006,1
9/10/2006,6
9/11/2006,7
9/12/2006,10
9/13/2006,5
9/14/2006,3
9/15/2006,4
9/16/2006,4
9/17/2006,6
9/18/2006,8
9/19/2006,2
9/20/2006,5
9/21/2006,5
9/22/2006,3
9/23/2006,5
9/25/2006,6
9/26/2006,6
9/27/2006,7
9/28/2006,9
9/29/2006,7
9/30/2006,3
10/1/2006,4
10/2/2006,4
10/3/2006,5
10/4/2006,6
10/5/2006,6
10/6/2006,5
10/7/2006,4
10/8/2006,2
10/9/2006,4
10/10/2006,8
10/11/2006,1
10/12/2006,7
10/13/2006,3
10/14/2006,6
10/15/2006,10
10/16/2006,11
10/17/2006,3
10/18/2006,5
10/19/2006,8
10/20/2006,4
10/21/2006,5
10/22/2006,11
10/23/2006,4
10/24/2006,1
10/25/2006,3
10/26/2006,7
10/27/2006,3
10/28/2006,8
10/29/2006,8
10/30/2006,4
10/31/2006,7
11/1/2006,4
11/2/2006,3
11/3/2006,1
11/4/2006,1
11/5/2006,2
11/6/2006,4
11/7/2006,8
11/8/2006,3
11/9/2006,3
11/10/2006,6
11/11/2006,4
11/12/2006,7
11/13/2006,7
11/14/2006,3
11/15/2006,6
11/16/2006,3
11/17/2006,4
11/18/2006,4
11/19/2006,10
11/20/2006,8
11/21/2006,4
11/22/2006,3
11/23/2006,7
11/24/2006,8
11/25/2006,3
11/26/2006,3
11/27/2006,3
11/28/2006,9
11/29/2006,2
11/30/2006,4
12/1/2006,4
12/2/2006,13
12/3/2006,19
12/4/2006,2
12/5/2006,11
12/6/2006,4
12/7/2006,2
12/8/2006,1
12/9/2006,2
12/10/2006,3
12/11/2006,3
12/12/2006,6
12/13/2006,5
12/14/2006,4
12/15/2006,3
12/17/2006,2
12/18/2006,5
12/19/2006,1
12/20/2006,10
12/21/2006,5
12/22/2006,3
12/23/2006,3
12/24/2006,4
12/25/2006,2
12/26/2006,6
12/27/2006,9
12/28/2006,5
12/29/2006,5
12/30/2006,4
12/31/2006,8
1/1/2007,8
1/3/2007,1
1/4/2007,2
1/5/2007,5
1/6/2007,3
1/7/2007,1
1/8/2007,5
1/9/2007,2
1/10/2007,10
1/11/2007,1
1/12/2007,6
1/13/2007,6
1/14/2007,5
1/15/2007,3
1/16/2007,4
1/17/2007,3
1/18/2007,9
1/19/2007,5
1/20/2007,2
1/21/2007,6
1/22/2007,7
1/23/2007,9
1/24/2007,8
1/25/2007,7
1/26/2007,5
1/27/2007,6
1/28/2007,7
1/29/2007,3
1/30/2007,5
1/31/2007,9
2/1/2007,5
2/2/2007,6
2/3/2007,13
2/4/2007,5
2/5/2007,5
2/6/2007,20
2/7/2007,2
2/8/2007,8
2/9/2007,12
2/10/2007,9
2/11/2007,5
2/12/2007,10
2/13/2007,6
2/14/2007,6
2/15/2007,9
2/16/2007,5
2/17/2007,6
2/18/2007,13
2/19/2007,9
2/20/2007,10
2/21/2007,7
2/22/2007,2
2/23/2007,3
2/24/2007,6
2/25/2007,1
2/26/2007,9
2/27/2007,10
2/28/2007,10
3/1/2007,5
3/2/2007,3
3/3/2007,2
3/4/2007,3
3/5/2007,3
3/6/2007,4
3/7/2007,3
3/9/2007,2
3/10/2007,2
3/11/2007,6
3/12/2007,5
3/13/2007,1
3/14/2007,5
3/15/2007,3
3/16/2007,6
3/17/2007,6
3/18/2007,4
3/19/2007,11
3/20/2007,9
3/21/2007,8
3/22/2007,1
3/23/2007,7
3/24/2007,6
3/25/2007,8
3/26/2007,8
3/27/2007,12
3/28/2007,8
3/29/2007,5
3/30/2007,9
3/31/2007,8
4/1/2007,4
4/2/2007,9
4/3/2007,9
4/4/2007,5
4/5/2007,5
4/6/2007,10
4/7/2007,3
4/8/2007,4
4/9/2007,10
4/10/2007,12
4/11/2007,12
4/12/2007,11
4/13/2007,7
4/14/2007,8
4/15/2007,10
4/16/2007,4
4/17/2007,6
4/18/2007,8
4/19/2007,2
4/21/2007,6
4/22/2007,5
4/23/2007,11
4/24/2007,5
4/25/2007,7
4/26/2007,3
4/28/2007,6
4/29/2007,6
4/30/2007,6
5/1/2007,10
5/2/2007,3
5/3/2007,5
5/4/2007,2
5/6/2007,5
5/7/2007,3
5/8/2007,2
5/9/2007,3
5/10/2007,1
5/11/2007,5
5/12/2007,5
5/13/2007,2
5/14/2007,5
5/15/2007,6
5/16/2007,4
5/17/2007,5
5/18/2007,5
5/19/2007,3
5/20/2007,6
5/21/2007,3
5/22/2007,6
5/23/2007,7
5/24/2007,6
5/25/2007,4
5/26/2007,6
5/27/2007,14
5/28/2007,9
5/29/2007,5
5/30/2007,6
5/31/2007,4
6/1/2007,31
6/2/2007,25
6/3/2007,29
6/4/2007,45
6/5/2007,42
6/6/2007,32
6/7/2007,42
6/8/2007,32
6/9/2007,29
6/10/2007,21
6/11/2007,34
6/12/2007,39
6/13/2007,61
6/14/2007,27
6/15/2007,12
6/16/2007,4
6/17/2007,4
6/18/2007,2
6/19/2007,2
6/20/2007,2
6/21/2007,5
6/22/2007,3
6/23/2007,2
6/24/2007,4
6/25/2007,4
6/26/2007,5
6/27/2007,4
6/28/2007,3
6/29/2007,5
6/30/2007,3
7/1/2007,7
7/2/2007,4
7/3/2007,10
7/4/2007,13
7/5/2007,11
7/6/2007,9
7/7/2007,2
7/8/2007,8
7/9/2007,6
7/10/2007,9
7/11/2007,4
7/12/2007,7
7/13/2007,5
7/14/2007,2
7/15/2007,9
7/16/2007,6
7/17/2007,4
7/18/2007,19
7/19/2007,4
7/20/2007,7
7/21/2007,7
7/22/2007,4
7/23/2007,8
7/24/2007,3
7/25/2007,2
7/26/2007,1
7/27/2007,5
7/28/2007,1
7/30/2007,6
7/31/2007,1
8/1/2007,7
8/2/2007,5
8/3/2007,6
8/4/2007,2
8/5/2007,9
8/6/2007,2
8/7/2007,2
8/9/2007,1
8/10/2007,8
8/11/2007,3
8/12/2007,6
8/13/2007,2
8/14/2007,6
8/15/2007,4
8/16/2007,6
8/17/2007,8
8/18/2007,10
8/19/2007,1
8/20/2007,10
8/21/2007,8
8/22/2007,6
8/23/2007,5
8/24/2007,14
8/25/2007,12
8/26/2007,6
8/27/2007,6
8/28/2007,9
8/29/2007,5
8/30/2007,9
8/31/2007,6
9/1/2007,1
9/2/2007,3
9/3/2007,5
9/4/2007,5
9/5/2007,2
9/6/2007,4
9/7/2007,3
9/8/2007,5
9/9/2007,2
9/10/2007,4
9/11/2007,3
9/12/2007,4
9/13/2007,1
9/14/2007,6
9/15/2007,3
9/16/2007,6
9/17/2007,5
9/18/2007,4
9/19/2007,6
9/20/2007,6
9/21/2007,6
9/22/2007,6
9/23/2007,6
9/24/2007,10
9/25/2007,5
9/26/2007,8
9/27/2007,5
9/28/2007,2
9/29/2007,3
9/30/2007,3
10/1/2007,18
10/2/2007,14
10/3/2007,10
10/4/2007,14
10/5/2007,4
10/6/2007,7
10/7/2007,4
10/8/2007,13
10/9/2007,17
10/10/2007,9
10/11/2007,12
10/12/2007,7
10/13/2007,4
10/14/2007,9
10/15/2007,5
10/16/2007,9
10/17/2007,3
10/18/2007,3
10/19/2007,13
10/20/2007,10
10/21/2007,5
10/22/2007,11
10/23/2007,14
10/24/2007,9
10/25/2007,11
10/26/2007,17
10/27/2007,13
10/28/2007,11
10/29/2007,14
10/30/2007,7
10/31/2007,13
11/1/2007,10
11/2/2007,12
11/3/2007,8
11/4/2007,17
11/5/2007,21
11/6/2007,18
11/7/2007,9
11/8/2007,26
11/9/2007,14
11/10/2007,14
11/11/2007,21
11/12/2007,16
11/13/2007,17
11/14/2007,19
11/15/2007,13
11/16/2007,17
11/17/2007,11
11/18/2007,19
11/19/2007,20
11/20/2007,15
11/21/2007,11
11/22/2007,15
11/23/2007,13
11/24/2007,14
11/25/2007,12
11/26/2007,21
11/27/2007,14
11/28/2007,16
11/29/2007,19
11/30/2007,4
12/1/2007,9
12/2/2007,4
12/3/2007,6
12/4/2007,6
12/5/2007,6
12/6/2007,8
12/7/2007,6
12/8/2007,9
12/9/2007,9
12/10/2007,8
12/11/2007,9
12/12/2007,10
12/13/2007,11
12/14/2007,1
12/15/2007,12
12/16/2007,3
12/17/2007,2
12/18/2007,6
12/19/2007,2
12/20/2007,3
12/21/2007,1
12/22/2007,1
12/23/2007,6
12/24/2007,1
12/25/2007,2
12/26/2007,4
12/27/2007,2
12/29/2007,1
12/31/2007,1
1/1/2008,20
1/2/2008,17
1/3/2008,8
1/4/2008,6
1/5/2008,11
1/6/2008,21
1/7/2008,18
1/8/2008,16
1/9/2008,5
1/10/2008,3
1/12/2008,3
1/13/2008,4
1/14/2008,5
1/16/2008,12
1/17/2008,4
1/18/2008,5
1/19/2008,10
1/20/2008,12
1/21/2008,6
1/22/2008,11
1/23/2008,6
1/24/2008,9
1/25/2008,5
1/26/2008,10
1/27/2008,4
1/28/2008,6
1/29/2008,7
1/30/2008,8
1/31/2008,8
2/1/2008,3
2/2/2008,4
2/3/2008,5
2/4/2008,4
2/5/2008,2
2/6/2008,4
2/9/2008,2
2/10/2008,1
2/11/2008,3
2/12/2008,3
2/13/2008,1
2/14/2008,2
2/15/2008,9
2/16/2008,6
2/17/2008,11
2/18/2008,8
2/19/2008,4
2/20/2008,5
2/21/2008,18
2/22/2008,6
2/23/2008,9
2/24/2008,8
2/25/2008,8
2/26/2008,6
2/27/2008,1
2/28/2008,2
3/1/2008,6
3/2/2008,9
3/3/2008,9
3/4/2008,5
3/5/2008,7
3/6/2008,6
3/7/2008,2
3/8/2008,10
3/9/2008,5
3/10/2008,5
3/11/2008,10
3/12/2008,4
3/13/2008,10
3/14/2008,3
3/15/2008,5
3/16/2008,18
3/17/2008,19
3/18/2008,11
3/19/2008,19
3/20/2008,6
3/21/2008,7
3/22/2008,3
3/23/2008,5
3/24/2008,7
3/25/2008,2
3/26/2008,11
3/27/2008,11
3/28/2008,12
3/29/2008,13
3/30/2008,5
3/31/2008,5
4/1/2008,16
4/2/2008,21
4/3/2008,13
4/4/2008,15
4/5/2008,20
4/6/2008,15
4/7/2008,15
4/8/2008,21
4/9/2008,22
4/10/2008,12
4/11/2008,7
4/12/2008,8
4/13/2008,24
4/14/2008,15
4/15/2008,20
4/16/2008,14
4/17/2008,15
4/18/2008,16
4/19/2008,15
4/20/2008,25
4/21/2008,20
4/22/2008,12
4/23/2008,12
4/24/2008,14
4/25/2008,8
4/26/2008,9
4/27/2008,22
4/28/2008,16
4/29/2008,18
4/30/2008,11
5/1/2008,15
5/2/2008,11
5/3/2008,9
5/4/2008,20
5/5/2008,17
5/6/2008,11
5/7/2008,11
5/8/2008,16
5/9/2008,27
5/10/2008,14
5/11/2008,19
5/12/2008,17
5/13/2008,16
5/14/2008,18
5/15/2008,14
5/16/2008,20
5/17/2008,11
5/18/2008,13
5/19/2008,18
5/20/2008,14
5/21/2008,17
5/22/2008,18
5/23/2008,8
5/24/2008,11
5/25/2008,11
5/26/2008,21
5/27/2008,19
5/28/2008,12
5/29/2008,16
5/30/2008,16
5/31/2008,13
6/1/2008,16
6/2/2008,14
6/3/2008,16
6/4/2008,19
6/5/2008,18
6/6/2008,14
6/7/2008,16
6/8/2008,21
6/9/2008,23
6/10/2008,13
6/11/2008,17
6/12/2008,21
6/13/2008,7
6/14/2008,20
6/15/2008,16
6/16/2008,12
6/17/2008,8
6/18/2008,13
6/19/2008,14
6/20/2008,14
6/21/2008,14
6/22/2008,15
6/23/2008,14
6/24/2008,19
6/25/2008,13
6/26/2008,18
6/27/2008,14
6/28/2008,12
6/29/2008,22
6/30/2008,16
7/1/2008,31
7/2/2008,19
7/3/2008,12
7/4/2008,22
7/5/2008,11
7/6/2008,7
7/7/2008,28
7/8/2008,13
7/9/2008,17
7/10/2008,13
7/11/2008,18
7/12/2008,10
7/13/2008,10
7/14/2008,9
7/15/2008,17
7/16/2008,14
7/17/2008,14
7/18/2008,8
7/19/2008,2
7/20/2008,20
7/21/2008,20
7/22/2008,8
7/23/2008,6
7/24/2008,11
7/25/2008,22
7/26/2008,26
7/27/2008,29
7/28/2008,23
7/29/2008,36
7/30/2008,13
7/31/2008,14
8/1/2008,11
8/2/2008,21
8/3/2008,19
8/4/2008,14
8/5/2008,10
8/6/2008,9
8/7/2008,18
8/8/2008,12
8/9/2008,8
8/10/2008,15
8/11/2008,18
8/12/2008,11
8/13/2008,20
8/14/2008,25
8/15/2008,15
8/16/2008,11
8/17/2008,19
8/18/2008,21
8/19/2008,10
8/20/2008,10
8/21/2008,12
8/22/2008,10
8/23/2008,15
8/24/2008,7
8/25/2008,12
8/26/2008,21
8/27/2008,9
8/28/2008,5
8/29/2008,7
8/30/2008,5
8/31/2008,4
9/1/2008,12
9/2/2008,5
9/3/2008,8
9/4/2008,6
9/5/2008,4
9/6/2008,5
9/7/2008,7
9/8/2008,5
9/9/2008,8
9/10/2008,10
9/11/2008,13
9/12/2008,3
9/13/2008,10
9/14/2008,4
9/15/2008,9
9/16/2008,5
9/17/2008,7
9/18/2008,7
9/19/2008,13
9/20/2008,8
9/21/2008,16
9/22/2008,16
9/23/2008,3
9/24/2008,5
9/25/2008,9
9/26/2008,10
9/27/2008,6
9/28/2008,22
9/29/2008,6
9/30/2008,7
10/1/2008,5
10/2/2008,8
10/3/2008,8
10/4/2008,6
10/5/2008,5
10/6/2008,7
10/7/2008,5
10/8/2008,6
10/9/2008,7
10/10/2008,6
10/11/2008,12
10/12/2008,7
10/13/2008,5
10/14/2008,4
10/15/2008,9
10/16/2008,10
10/17/2008,8
10/18/2008,11
10/19/2008,21
10/20/2008,10
10/21/2008,12
10/22/2008,13
10/23/2008,17
10/24/2008,4
10/25/2008,13
10/26/2008,12
10/27/2008,13
10/28/2008,11
10/29/2008,23
10/30/2008,17
10/31/2008,8
11/1/2008,10
11/2/2008,19
11/3/2008,13
11/4/2008,23
11/5/2008,9
11/6/2008,11
11/7/2008,6
11/8/2008,7
11/9/2008,21
11/10/2008,16
11/11/2008,15
11/12/2008,14
11/13/2008,13
11/14/2008,14
11/15/2008,12
11/16/2008,13
11/17/2008,15
11/18/2008,10
11/19/2008,7
11/20/2008,22
11/21/2008,17
11/22/2008,17
11/23/2008,13
11/24/2008,11
11/25/2008,12
11/26/2008,18
11/27/2008,15
11/28/2008,9
11/29/2008,6
11/30/2008,10
12/1/2008,18
12/2/2008,11
12/3/2008,16
12/4/2008,18
12/5/2008,10
12/6/2008,15
12/7/2008,7
12/8/2008,8
12/9/2008,8
12/10/2008,10
12/11/2008,18
12/12/2008,7
12/13/2008,19
12/14/2008,18
12/15/2008,10
12/16/2008,18
12/17/2008,10
12/18/2008,13
12/19/2008,13
12/20/2008,14
12/21/2008,11
12/22/2008,13
12/23/2008,13
12/24/2008,16
12/25/2008,21
12/26/2008,11
12/27/2008,12
12/28/2008,26
12/29/2008,12
12/30/2008,12
12/31/2008,13
1/1/2009,18
1/2/2009,12
1/3/2009,13
1/4/2009,20
1/5/2009,19
1/6/2009,13
1/7/2009,19
1/8/2009,11
1/9/2009,17
1/10/2009,13
1/11/2009,10
1/12/2009,13
1/13/2009,9
1/14/2009,12
1/15/2009,9
1/16/2009,20
1/17/2009,16
1/18/2009,13
1/19/2009,10
1/20/2009,9
1/21/2009,10
1/22/2009,10
1/23/2009,7
1/24/2009,12
1/25/2009,9
1/26/2009,15
1/27/2009,21
1/28/2009,6
1/29/2009,9
1/30/2009,7
1/31/2009,13
2/1/2009,8
2/2/2009,8
2/3/2009,17
2/4/2009,13
2/5/2009,11
2/6/2009,10
2/7/2009,6
2/8/2009,9
2/9/2009,16
2/10/2009,7
2/11/2009,25
2/12/2009,23
2/13/2009,14
2/14/2009,8
2/15/2009,16
2/16/2009,16
2/17/2009,19
2/18/2009,14
2/19/2009,16
2/20/2009,8
2/21/2009,6
2/22/2009,14
2/23/2009,12
2/24/2009,7
2/25/2009,5
2/26/2009,11
2/27/2009,5
2/28/2009,9
3/1/2009,6
3/2/2009,8
3/3/2009,12
3/4/2009,17
3/5/2009,9
3/6/2009,8
3/7/2009,12
3/8/2009,8
3/9/2009,14
3/10/2009,11
3/11/2009,11
3/12/2009,11
3/13/2009,9
3/14/2009,14
3/15/2009,18
3/16/2009,13
3/17/2009,11
3/18/2009,20
3/19/2009,12
3/20/2009,5
3/21/2009,4
3/22/2009,12
3/23/2009,11
3/24/2009,12
3/25/2009,25
3/26/2009,17
3/27/2009,7
3/28/2009,9
3/29/2009,17
3/30/2009,19
3/31/2009,32
4/1/2009,13
4/2/2009,10
4/3/2009,11
4/4/2009,11
4/5/2009,8
4/6/2009,19
4/7/2009,8
4/8/2009,16
4/9/2009,16
4/10/2009,18
4/11/2009,7
4/12/2009,12
4/13/2009,16
4/14/2009,9
4/15/2009,17
4/16/2009,19
4/17/2009,10
4/18/2009,7
4/19/2009,16
4/20/2009,20
4/21/2009,13
4/22/2009,8
4/23/2009,18
4/24/2009,11
4/25/2009,14
4/26/2009,15
4/27/2009,16
4/28/2009,8
4/29/2009,19
4/30/2009,14
5/1/2009,9
5/2/2009,11
5/3/2009,12
5/4/2009,14
5/5/2009,17
5/6/2009,10
5/7/2009,7
5/8/2009,8
5/9/2009,15
5/10/2009,12
5/11/2009,23
5/12/2009,15
5/13/2009,22
5/14/2009,16
5/15/2009,8
5/16/2009,17
5/17/2009,16
5/18/2009,8
5/19/2009,19
5/20/2009,12
5/21/2009,9
5/22/2009,7
5/23/2009,10
5/24/2009,11
5/25/2009,6
5/26/2009,12
5/27/2009,13
5/28/2009,19
5/29/2009,24
5/30/2009,11
5/31/2009,9
6/1/2009,20
6/2/2009,8
6/3/2009,19
6/4/2009,13
6/5/2009,19
6/6/2009,9
6/7/2009,16
6/8/2009,22
6/9/2009,15
6/10/2009,12
6/11/2009,11
6/12/2009,15
6/13/2009,12
6/14/2009,11
6/15/2009,19
6/16/2009,7
6/17/2009,20
6/18/2009,13
6/19/2009,14
6/20/2009,16
6/21/2009,10
6/22/2009,20
6/23/2009,14
6/24/2009,14
6/25/2009,14
6/26/2009,12
6/27/2009,9
6/28/2009,11
6/29/2009,7
6/30/2009,13
7/1/2009,12
7/2/2009,13
7/3/2009,12
7/4/2009,13
7/5/2009,13
7/6/2009,15
7/7/2009,18
7/8/2009,13
7/9/2009,16
7/10/2009,13
7/11/2009,15
7/12/2009,14
7/13/2009,15
7/14/2009,9
7/15/2009,16
7/16/2009,12
7/17/2009,23
7/18/2009,12
7/19/2009,9
7/20/2009,17
7/21/2009,19
7/22/2009,20
7/23/2009,10
7/24/2009,6
7/25/2009,8
7/26/2009,13
7/27/2009,22
7/28/2009,24
7/29/2009,16
7/30/2009,17
7/31/2009,8
8/1/2009,15
8/2/2009,11
8/3/2009,5
8/4/2009,10
8/5/2009,13
8/6/2009,11
8/7/2009,9
8/8/2009,10
8/9/2009,15
8/10/2009,20
8/11/2009,18
8/12/2009,19
8/13/2009,14
8/14/2009,13
8/15/2009,12
8/16/2009,9
8/17/2009,11
8/18/2009,9
8/19/2009,11
8/20/2009,30
8/21/2009,13
8/22/2009,9
8/23/2009,7
8/24/2009,14
8/25/2009,22
8/26/2009,23
8/27/2009,9
8/28/2009,5
8/29/2009,11
8/30/2009,7
8/31/2009,3
9/1/2009,10
9/2/2009,14
9/3/2009,18
9/4/2009,7
9/5/2009,6
9/6/2009,17
9/7/2009,15
9/8/2009,11
9/9/2009,21
9/10/2009,21
9/11/2009,8
9/12/2009,12
9/13/2009,9
9/14/2009,6
9/15/2009,11
9/16/2009,17
9/17/2009,16
9/18/2009,15
9/19/2009,5
9/20/2009,3
9/21/2009,4
9/22/2009,4
9/23/2009,7
9/24/2009,5
9/25/2009,6
9/26/2009,7
9/27/2009,8
9/28/2009,14
9/29/2009,16
9/30/2009,14
10/1/2009,12
10/2/2009,14
10/3/2009,12
10/4/2009,10
10/5/2009,15
10/6/2009,11
10/7/2009,10
10/8/2009,15
10/9/2009,10
10/10/2009,4
10/11/2009,13
10/12/2009,29
10/13/2009,26
10/14/2009,10
10/15/2009,14
10/16/2009,8
10/17/2009,8
10/18/2009,14
10/19/2009,14
10/20/2009,11
10/21/2009,18
10/22/2009,13
10/23/2009,8
10/24/2009,6
10/25/2009,10
10/26/2009,5
10/27/2009,17
10/28/2009,22
10/29/2009,14
10/30/2009,17
10/31/2009,19
11/1/2009,10
11/2/2009,9
11/3/2009,12
11/4/2009,10
11/5/2009,20
11/6/2009,6
11/7/2009,8
11/8/2009,9
11/9/2009,8
11/10/2009,14
11/11/2009,17
11/12/2009,10
11/13/2009,16
11/14/2009,8
11/15/2009,11
11/16/2009,16
11/17/2009,11
11/18/2009,12
11/19/2009,12
11/20/2009,11
11/21/2009,7
11/22/2009,15
11/23/2009,17
11/24/2009,13
11/25/2009,8
11/26/2009,13
11/27/2009,5
11/28/2009,4
11/29/2009,8
11/30/2009,9
12/1/2009,12
12/2/2009,5
12/3/2009,8
12/4/2009,12
12/5/2009,4
12/6/2009,7
12/7/2009,14
12/8/2009,14
12/9/2009,6
12/10/2009,8
12/11/2009,7
12/12/2009,3
12/13/2009,11
12/14/2009,11
12/15/2009,18
12/16/2009,16
12/17/2009,12
12/18/2009,6
12/19/2009,5
12/20/2009,7
12/21/2009,16
12/22/2009,11
12/23/2009,25
12/24/2009,20
12/25/2009,15
12/26/2009,16
12/27/2009,11
12/28/2009,7
12/29/2009,5
12/30/2009,10
12/31/2009,2
1/1/2010,8
1/2/2010,1
1/3/2010,3
1/4/2010,4
1/5/2010,2
1/6/2010,2
1/7/2010,4
1/8/2010,3
1/9/2010,4
1/10/2010,8
1/11/2010,5
1/12/2010,5
1/13/2010,6
1/14/2010,10
1/15/2010,5
1/16/2010,8
1/17/2010,10
1/18/2010,23
1/19/2010,13
1/20/2010,6
1/21/2010,10
1/22/2010,10
1/23/2010,11
1/24/2010,12
1/25/2010,18
1/26/2010,8
1/27/2010,16
1/28/2010,14
1/29/2010,15
1/30/2010,7
1/31/2010,8
2/1/2010,16
2/2/2010,17
2/3/2010,14
2/4/2010,8
2/5/2010,14
2/6/2010,13
2/7/2010,13
2/8/2010,17
2/9/2010,12
2/10/2010,20
2/11/2010,9
2/12/2010,8
2/13/2010,19
2/14/2010,17
2/15/2010,19
2/16/2010,9
2/17/2010,14
2/18/2010,13
2/19/2010,18
2/20/2010,7
2/21/2010,22
2/22/2010,16
2/23/2010,18
2/24/2010,13
2/25/2010,11
2/26/2010,13
2/27/2010,11
2/28/2010,13
3/1/2010,10
3/2/2010,12
3/3/2010,9
3/4/2010,8
3/5/2010,7
3/6/2010,10
3/7/2010,20
3/8/2010,8
3/9/2010,7
3/10/2010,6
3/11/2010,12
3/12/2010,11
3/13/2010,11
3/14/2010,8
3/15/2010,4
3/16/2010,14
3/17/2010,7
3/18/2010,13
3/19/2010,12
3/20/2010,10
3/21/2010,12
3/22/2010,16
3/23/2010,18
3/24/2010,16
3/25/2010,12
3/26/2010,7
3/27/2010,17
3/28/2010,18
3/29/2010,8
3/30/2010,10
3/31/2010,15
4/1/2010,8
4/2/2010,4
4/3/2010,9
4/4/2010,13
4/5/2010,14
4/6/2010,17
4/7/2010,16
4/8/2010,14
4/9/2010,9
4/10/2010,15
4/11/2010,11
4/12/2010,15
4/13/2010,18
4/14/2010,12
4/15/2010,20
4/16/2010,3
4/17/2010,10
4/18/2010,7
4/19/2010,12
4/20/2010,16
4/21/2010,7
4/22/2010,14
4/23/2010,14
4/24/2010,12
4/25/2010,9
4/26/2010,9
4/27/2010,10
4/28/2010,6
4/29/2010,11
4/30/2010,8
5/1/2010,9
5/2/2010,13
5/3/2010,10
5/4/2010,17
5/5/2010,8
5/6/2010,9
5/7/2010,12
5/8/2010,18
5/9/2010,12
5/10/2010,25
5/11/2010,16
5/12/2010,19
5/13/2010,21
5/14/2010,16
5/15/2010,18
5/16/2010,15
5/17/2010,12
5/18/2010,15
5/19/2010,32
5/20/2010,19
5/21/2010,14
5/22/2010,16
5/23/2010,12
5/24/2010,10
5/25/2010,15
5/26/2010,12
5/27/2010,24
5/28/2010,8
5/29/2010,10
5/30/2010,6
5/31/2010,7
6/1/2010,15
6/2/2010,5
6/3/2010,8
6/4/2010,6
6/5/2010,10
6/6/2010,10
6/7/2010,14
6/8/2010,16
6/9/2010,5
6/10/2010,7
6/11/2010,10
6/12/2010,28
6/13/2010,12
6/14/2010,13
6/15/2010,6
6/16/2010,12
6/17/2010,11
6/18/2010,11
6/19/2010,17
6/20/2010,11
6/21/2010,7
6/22/2010,16
6/23/2010,13
6/24/2010,15
6/25/2010,9
6/26/2010,13
6/27/2010,20
6/28/2010,16
6/29/2010,10
6/30/2010,16
7/1/2010,18
7/2/2010,9
7/3/2010,6
7/4/2010,13
7/5/2010,8
7/6/2010,12
7/7/2010,24
7/8/2010,22
7/9/2010,6
7/10/2010,11
7/11/2010,24
7/12/2010,13
7/13/2010,13
7/14/2010,14
7/15/2010,17
7/16/2010,11
7/17/2010,12
7/18/2010,15
7/19/2010,12
7/20/2010,14
7/21/2010,13
7/22/2010,10
7/23/2010,14
7/24/2010,9
7/25/2010,12
7/26/2010,11
7/27/2010,10
7/28/2010,8
7/29/2010,12
7/30/2010,8
7/31/2010,6
8/1/2010,6
8/2/2010,13
8/3/2010,12
8/4/2010,11
8/5/2010,19
8/6/2010,7
8/7/2010,17
8/8/2010,21
8/9/2010,10
8/10/2010,13
8/11/2010,9
8/12/2010,9
8/13/2010,12
8/14/2010,9
8/15/2010,15
8/16/2010,12
8/17/2010,18
8/18/2010,13
8/19/2010,11
8/20/2010,2
8/21/2010,13
8/22/2010,19
8/23/2010,16
8/24/2010,12
8/25/2010,33
8/26/2010,13
8/27/2010,6
8/28/2010,9
8/29/2010,8
8/30/2010,10
8/31/2010,11
9/1/2010,18
9/2/2010,15
9/3/2010,10
9/4/2010,18
9/5/2010,34
9/6/2010,17
9/7/2010,22
9/8/2010,16
9/9/2010,19
9/10/2010,6
9/11/2010,6
9/12/2010,11
9/13/2010,13
9/14/2010,17
9/15/2010,18
9/16/2010,24
9/17/2010,7
9/18/2010,72
9/19/2010,24
9/20/2010,16
9/21/2010,14
9/22/2010,20
9/23/2010,12
9/24/2010,10
9/25/2010,9
9/26/2010,20
9/27/2010,8
9/28/2010,9
9/29/2010,12
9/30/2010,14
10/1/2010,9
10/2/2010,7
10/3/2010,15
10/4/2010,21
10/5/2010,14
10/6/2010,8
10/7/2010,15
10/8/2010,7
10/9/2010,18
10/10/2010,6
10/11/2010,15
10/12/2010,6
10/13/2010,14
10/14/2010,16
10/15/2010,1
10/16/2010,7
10/17/2010,10
10/18/2010,9
10/19/2010,15
10/20/2010,9
10/21/2010,11
10/22/2010,19
10/23/2010,7
10/24/2010,9
10/25/2010,21
10/26/2010,12
10/27/2010,17
10/28/2010,14
10/29/2010,7
10/30/2010,7
10/31/2010,10
11/1/2010,21
11/2/2010,35
11/3/2010,18
11/4/2010,13
11/5/2010,10
11/6/2010,9
11/7/2010,20
11/8/2010,22
11/9/2010,17
11/10/2010,23
11/11/2010,18
11/12/2010,6
11/13/2010,6
11/14/2010,13
11/15/2010,17
11/16/2010,9
11/17/2010,7
11/18/2010,11
11/19/2010,13
11/20/2010,18
11/21/2010,14
11/22/2010,21
11/23/2010,11
11/24/2010,12
11/25/2010,10
11/26/2010,9
11/27/2010,10
11/28/2010,21
11/29/2010,15
11/30/2010,14
12/1/2010,12
12/2/2010,13
12/3/2010,13
12/4/2010,10
12/5/2010,5
12/6/2010,10
12/7/2010,17
12/8/2010,13
12/9/2010,12
12/10/2010,6
12/11/2010,12
12/12/2010,8
12/13/2010,11
12/14/2010,20
12/15/2010,9
12/16/2010,20
12/17/2010,10
12/18/2010,9
12/19/2010,9
12/20/2010,11
12/21/2010,16
12/22/2010,13
12/23/2010,15
12/24/2010,20
12/25/2010,7
12/26/2010,6
12/27/2010,12
12/28/2010,6
12/29/2010,10
12/30/2010,19
12/31/2010,5
1/1/2011,4
1/2/2011,7
1/3/2011,9
1/4/2011,18
1/5/2011,4
1/6/2011,16
1/7/2011,9
1/8/2011,15
1/9/2011,13
1/10/2011,16
1/11/2011,17
1/12/2011,15
1/13/2011,14
1/14/2011,11
1/15/2011,16
1/16/2011,12
1/17/2011,16
1/18/2011,12
1/19/2011,9
1/20/2011,14
1/21/2011,7
1/22/2011,2
1/23/2011,18
1/24/2011,15
1/25/2011,16
1/26/2011,20
1/27/2011,13
1/28/2011,11
1/29/2011,10
1/30/2011,5
1/31/2011,16
2/1/2011,17
2/2/2011,24
2/3/2011,18
2/4/2011,14
2/5/2011,11
2/6/2011,12
2/7/2011,22
2/8/2011,9
2/9/2011,12
2/10/2011,18
2/11/2011,10
2/12/2011,7
2/13/2011,14
2/14/2011,6
2/15/2011,11
2/16/2011,9
2/17/2011,23
2/18/2011,6
2/19/2011,12
2/20/2011,8
2/21/2011,10
2/22/2011,8
2/23/2011,12
2/24/2011,8
2/25/2011,11
2/26/2011,16
2/27/2011,11
2/28/2011,13
3/1/2011,26
3/2/2011,16
3/3/2011,11
3/4/2011,6
3/5/2011,13
3/6/2011,8
3/7/2011,8
3/8/2011,13
3/9/2011,19
3/10/2011,15
3/11/2011,15
3/12/2011,7
3/13/2011,13
3/14/2011,23
3/15/2011,19
3/16/2011,5
3/17/2011,14
3/18/2011,5
3/19/2011,15
3/20/2011,13
3/21/2011,17
3/22/2011,17
3/23/2011,17
3/24/2011,13
3/25/2011,11
3/26/2011,8
3/27/2011,21
3/28/2011,22
3/29/2011,14
3/30/2011,9
3/31/2011,12
4/1/2011,10
4/2/2011,10
4/3/2011,8
4/4/2011,15
4/5/2011,17
4/6/2011,11
4/7/2011,12
4/8/2011,18
4/9/2011,18
4/10/2011,18
4/11/2011,17
4/12/2011,21
4/13/2011,8
4/14/2011,18
4/15/2011,10
4/16/2011,18
4/17/2011,16
4/18/2011,19
4/19/2011,13
4/20/2011,21
4/21/2011,8
4/22/2011,15
4/23/2011,8
4/24/2011,7
4/25/2011,8
4/26/2011,21
4/27/2011,16
4/28/2011,11
4/29/2011,10
4/30/2011,7
5/1/2011,12
5/2/2011,11
5/3/2011,15
5/4/2011,14
5/5/2011,10
5/6/2011,16
5/7/2011,15
5/8/2011,22
5/9/2011,14
5/10/2011,15
5/11/2011,14
5/12/2011,14
5/13/2011,5
5/14/2011,15
5/15/2011,21
5/16/2011,19
5/17/2011,16
5/18/2011,10
5/19/2011,15
5/20/2011,15
5/21/2011,14
5/22/2011,19
5/23/2011,10
5/24/2011,11
5/25/2011,17
5/26/2011,10
5/27/2011,10
5/28/2011,6
5/29/2011,13
5/30/2011,11
5/31/2011,13
6/1/2011,22
6/2/2011,14
6/3/2011,14
6/4/2011,6
6/5/2011,14
6/6/2011,19
6/7/2011,15
6/8/2011,14
6/9/2011,8
6/10/2011,11
6/11/2011,12
6/12/2011,8
6/13/2011,12
6/14/2011,9
6/15/2011,5
6/16/2011,21
6/17/2011,5
6/18/2011,6
6/19/2011,8
6/20/2011,16
6/21/2011,9
6/22/2011,18
6/23/2011,11
6/24/2011,13
6/25/2011,9
6/26/2011,14
6/27/2011,8
6/28/2011,8
6/29/2011,11
6/30/2011,14
7/1/2011,9
7/2/2011,13
7/3/2011,17
7/4/2011,21
7/5/2011,17
7/6/2011,14
7/7/2011,14
7/8/2011,11
7/9/2011,9
7/10/2011,11
7/11/2011,11
7/12/2011,19
7/13/2011,15
7/14/2011,8
7/15/2011,9
7/16/2011,8
7/17/2011,4
7/18/2011,8
7/19/2011,10
7/20/2011,9
7/21/2011,16
7/22/2011,19
7/23/2011,12
7/24/2011,6
7/25/2011,14
7/26/2011,9
7/27/2011,13
7/28/2011,10
7/29/2011,13
7/30/2011,9
7/31/2011,9
8/1/2011,11
8/2/2011,12
8/3/2011,7
8/4/2011,10
8/5/2011,6
8/6/2011,4
8/7/2011,11
8/8/2011,7
8/9/2011,1
8/10/2011,10
8/11/2011,10
8/12/2011,9
8/13/2011,9
8/14/2011,14
8/15/2011,23
8/16/2011,11
8/17/2011,12
8/18/2011,20
8/19/2011,8
8/20/2011,10
8/21/2011,12
8/22/2011,10
8/23/2011,6
8/24/2011,28
8/25/2011,16
8/26/2011,7
8/27/2011,11
8/28/2011,15
8/29/2011,3
8/30/2011,4
8/31/2011,2
9/1/2011,6
9/2/2011,4
9/3/2011,3
9/4/2011,10
9/5/2011,12
9/6/2011,12
9/7/2011,20
9/8/2011,4
9/9/2011,4
9/10/2011,10
9/11/2011,9
9/12/2011,15
9/13/2011,13
9/14/2011,13
9/15/2011,9
9/16/2011,12
9/17/2011,5
9/18/2011,6
9/19/2011,11
9/20/2011,14
9/21/2011,11
9/22/2011,8
9/23/2011,19
9/24/2011,3
9/25/2011,14
9/26/2011,11
9/27/2011,25
9/28/2011,12
9/29/2011,9
9/30/2011,8
10/1/2011,16
10/2/2011,14
10/3/2011,13
10/4/2011,10
10/5/2011,8
10/6/2011,11
10/7/2011,13
10/8/2011,7
10/9/2011,11
10/10/2011,15
10/11/2011,10
10/12/2011,13
10/13/2011,9
10/14/2011,12
10/15/2011,10
10/16/2011,7
10/17/2011,11
10/18/2011,16
10/19/2011,11
10/20/2011,7
10/21/2011,4
10/22/2011,11
10/23/2011,13
10/24/2011,14
10/25/2011,30
10/26/2011,17
10/27/2011,14
10/28/2011,7
10/29/2011,12
10/30/2011,16
10/31/2011,13
11/1/2011,16
11/2/2011,19
11/3/2011,16
11/4/2011,20
11/5/2011,23
11/6/2011,14
11/7/2011,18
11/8/2011,17
11/9/2011,17
11/10/2011,14
11/11/2011,12
11/12/2011,20
11/13/2011,13
11/14/2011,28
11/15/2011,21
11/16/2011,35
11/17/2011,14
11/18/2011,14
11/19/2011,13
11/20/2011,24
11/21/2011,14
11/22/2011,16
11/23/2011,9
11/24/2011,21
11/25/2011,21
11/26/2011,18
11/27/2011,24
11/28/2011,20
11/29/2011,15
11/30/2011,12
12/1/2011,10
12/2/2011,15
12/3/2011,9
12/4/2011,12
12/5/2011,26
12/6/2011,29
12/7/2011,16
12/8/2011,9
12/9/2011,13
12/10/2011,24
12/11/2011,10
12/12/2011,10
12/13/2011,10
12/14/2011,9
12/15/2011,9
12/16/2011,8
12/17/2011,8
12/18/2011,9
12/19/2011,12
12/20/2011,8
12/21/2011,14
12/22/2011,21
12/23/2011,7
12/24/2011,7
12/25/2011,14
12/26/2011,3
12/27/2011,11
12/28/2011,5
12/29/2011,9
12/30/2011,10
12/31/2011,4
1/1/2012,20
1/2/2012,14
1/3/2012,32
1/4/2012,22
1/5/2012,22
1/6/2012,29
1/7/2012,14
1/8/2012,25
1/9/2012,16
1/10/2012,27
1/11/2012,20
1/12/2012,18
1/13/2012,15
1/14/2012,12
1/15/2012,16
1/16/2012,18
1/17/2012,20
1/18/2012,18
1/19/2012,24
1/20/2012,27
1/21/2012,18
1/22/2012,13
1/23/2012,19
1/24/2012,22
1/25/2012,11
1/26/2012,26
1/27/2012,11
1/28/2012,20
1/29/2012,10
1/30/2012,13
1/31/2012,16
2/1/2012,16
2/2/2012,14
2/3/2012,14
2/4/2012,15
2/5/2012,11
2/6/2012,10
2/7/2012,20
2/8/2012,14
2/9/2012,14
2/10/2012,14
2/11/2012,19
2/12/2012,9
2/13/2012,12
2/14/2012,12
2/15/2012,12
2/16/2012,15
2/17/2012,13
2/18/2012,5
2/19/2012,22
2/20/2012,8
2/21/2012,23
2/22/2012,7
2/23/2012,44
2/24/2012,14
2/25/2012,21
2/26/2012,18
2/27/2012,12
2/28/2012,31
2/29/2012,19
3/1/2012,21
3/2/2012,11
3/3/2012,26
3/4/2012,15
3/5/2012,14
3/6/2012,24
3/7/2012,34
3/8/2012,11
3/9/2012,19
3/10/2012,11
3/11/2012,16
3/12/2012,12
3/13/2012,20
3/14/2012,19
3/15/2012,16
3/16/2012,12
3/17/2012,17
3/18/2012,20
3/19/2012,14
3/20/2012,36
3/21/2012,22
3/22/2012,18
3/23/2012,14
3/24/2012,16
3/25/2012,13
3/26/2012,11
3/27/2012,6
3/28/2012,14
3/29/2012,8
3/30/2012,19
3/31/2012,21
4/1/2012,12
4/2/2012,18
4/3/2012,16
4/4/2012,32
4/5/2012,22
4/6/2012,14
4/7/2012,12
4/8/2012,12
4/9/2012,20
4/10/2012,13
4/11/2012,16
4/12/2012,18
4/13/2012,19
4/14/2012,31
4/15/2012,37
4/16/2012,15
4/17/2012,16
4/18/2012,17
4/19/2012,51
4/20/2012,9
4/21/2012,20
4/22/2012,19
4/23/2012,7
4/24/2012,21
4/25/2012,19
4/26/2012,19
4/27/2012,26
4/28/2012,16
4/29/2012,19
4/30/2012,27
5/1/2012,12
5/2/2012,45
5/3/2012,20
5/4/2012,22
5/5/2012,17
5/6/2012,13
5/7/2012,17
5/8/2012,23
5/9/2012,16
5/10/2012,24
5/11/2012,48
5/12/2012,15
5/13/2012,37
5/14/2012,39
5/15/2012,25
5/16/2012,29
5/17/2012,27
5/18/2012,19
5/19/2012,22
5/20/2012,19
5/21/2012,18
5/22/2012,29
5/23/2012,22
5/24/2012,16
5/25/2012,15
5/26/2012,16
5/27/2012,17
5/28/2012,23
5/29/2012,21
5/30/2012,14
5/31/2012,21
6/1/2012,16
6/2/2012,20
6/3/2012,19
6/4/2012,17
6/5/2012,22
6/6/2012,27
6/7/2012,27
6/8/2012,26
6/9/2012,34
6/10/2012,14
6/11/2012,30
6/12/2012,20
6/13/2012,33
6/14/2012,22
6/15/2012,18
6/16/2012,13
6/17/2012,21
6/18/2012,17
6/19/2012,24
6/20/2012,14
6/21/2012,17
6/22/2012,23
6/23/2012,12
6/24/2012,15
6/25/2012,16
6/26/2012,18
6/27/2012,19
6/28/2012,32
6/29/2012,25
6/30/2012,18
7/1/2012,18
7/2/2012,16
7/3/2012,19
7/4/2012,21
7/5/2012,15
7/6/2012,20
7/7/2012,27
7/8/2012,22
7/9/2012,19
7/10/2012,16
7/11/2012,17
7/12/2012,11
7/13/2012,22
7/14/2012,18
7/15/2012,22
7/16/2012,22
7/17/2012,13
7/18/2012,14
7/19/2012,19
7/20/2012,22
7/21/2012,14
7/22/2012,22
7/23/2012,57
7/24/2012,21
7/25/2012,15
7/26/2012,8
7/27/2012,11
7/28/2012,11
7/29/2012,28
7/30/2012,14
7/31/2012,25
8/1/2012,34
8/2/2012,23
8/3/2012,22
8/4/2012,18
8/5/2012,26
8/6/2012,21
8/7/2012,26
8/8/2012,21
8/9/2012,17
8/10/2012,20
8/11/2012,23
8/12/2012,18
8/13/2012,31
8/14/2012,26
8/15/2012,45
8/16/2012,34
8/17/2012,14
8/18/2012,13
8/19/2012,14
8/20/2012,17
8/21/2012,15
8/22/2012,9
8/23/2012,8
8/24/2012,14
8/25/2012,14
8/26/2012,18
8/27/2012,20
8/28/2012,20
8/29/2012,22
8/30/2012,13
8/31/2012,14
9/1/2012,16
9/2/2012,22
9/3/2012,16
9/4/2012,18
9/5/2012,36
9/6/2012,17
9/7/2012,18
9/8/2012,21
9/9/2012,51
9/10/2012,15
9/11/2012,14
9/12/2012,10
9/13/2012,12
9/14/2012,10
9/15/2012,7
9/16/2012,12
9/17/2012,9
9/18/2012,18
9/19/2012,19
9/20/2012,16
9/21/2012,16
9/22/2012,13
9/23/2012,11
9/24/2012,15
9/25/2012,17
9/26/2012,17
9/27/2012,17
9/28/2012,17
9/29/2012,23
9/30/2012,26
10/1/2012,20
10/2/2012,22
10/3/2012,26
10/4/2012,17
10/5/2012,9
10/6/2012,18
10/7/2012,18
10/8/2012,23
10/9/2012,51
10/10/2012,15
10/11/2012,20
10/12/2012,17
10/13/2012,13
10/14/2012,21
10/15/2012,30
10/16/2012,17
10/17/2012,18
10/18/2012,20
10/19/2012,28
10/20/2012,27
10/21/2012,11
10/22/2012,13
10/23/2012,22
10/24/2012,33
10/25/2012,16
10/26/2012,18
10/27/2012,25
10/28/2012,26
10/29/2012,15
10/30/2012,15
10/31/2012,16
11/1/2012,11
11/2/2012,14
11/3/2012,24
11/4/2012,20
11/5/2012,23
11/6/2012,18
11/7/2012,30
11/8/2012,20
11/9/2012,19
11/10/2012,17
11/11/2012,25
11/12/2012,14
11/13/2012,12
11/14/2012,27
11/15/2012,13
11/16/2012,18
11/17/2012,15
11/18/2012,28
11/19/2012,18
11/20/2012,26
11/21/2012,22
11/22/2012,22
11/23/2012,14
11/24/2012,14
11/25/2012,15
11/26/2012,17
11/27/2012,33
11/28/2012,21
11/29/2012,24
11/30/2012,11
12/1/2012,11
12/2/2012,21
12/3/2012,21
12/4/2012,19
12/5/2012,12
12/6/2012,15
12/7/2012,13
12/8/2012,40
12/9/2012,10
12/10/2012,16
12/11/2012,13
12/12/2012,18
12/13/2012,12
12/14/2012,13
12/15/2012,8
12/16/2012,18
12/17/2012,29
12/18/2012,15
12/19/2012,15
12/20/2012,9
12/21/2012,14
12/22/2012,13
12/23/2012,8
12/24/2012,9
12/25/2012,8
12/26/2012,16
12/27/2012,20
12/28/2012,14
12/29/2012,8
12/30/2012,18
12/31/2012,34
1/1/2013,24
1/2/2013,20
1/3/2013,20
1/4/2013,15
1/5/2013,39
1/6/2013,33
1/7/2013,20
1/8/2013,22
1/9/2013,15
1/10/2013,27
1/11/2013,26
1/12/2013,20
1/13/2013,15
1/14/2013,24
1/15/2013,16
1/16/2013,27
1/17/2013,28
1/18/2013,10
1/19/2013,19
1/20/2013,17
1/21/2013,19
1/22/2013,24
1/23/2013,26
1/24/2013,23
1/25/2013,16
1/26/2013,30
1/27/2013,27
1/28/2013,23
1/29/2013,19
1/30/2013,25
1/31/2013,23
2/1/2013,22
2/2/2013,20
2/3/2013,11
2/4/2013,19
2/5/2013,15
2/6/2013,18
2/7/2013,18
2/8/2013,17
2/9/2013,21
2/10/2013,27
2/11/2013,20
2/12/2013,24
2/13/2013,13
2/14/2013,26
2/15/2013,14
2/16/2013,37
2/17/2013,30
2/18/2013,17
2/19/2013,31
2/20/2013,15
2/21/2013,20
2/22/2013,12
2/23/2013,25
2/24/2013,17
2/25/2013,35
2/26/2013,21
2/27/2013,15
2/28/2013,29
3/1/2013,13
3/2/2013,18
3/3/2013,17
3/4/2013,24
3/5/2013,23
3/6/2013,26
3/7/2013,24
3/8/2013,20
3/9/2013,15
3/10/2013,18
3/11/2013,22
3/12/2013,21
3/13/2013,20
3/14/2013,20
3/15/2013,11
3/16/2013,19
3/17/2013,14
3/18/2013,33
3/19/2013,46
3/20/2013,22
3/21/2013,20
3/22/2013,20
3/23/2013,15
3/24/2013,15
3/25/2013,22
3/26/2013,22
3/27/2013,27
3/28/2013,22
3/29/2013,31
3/30/2013,18
3/31/2013,28
4/1/2013,37
4/2/2013,19
4/3/2013,14
4/4/2013,20
4/5/2013,21
4/6/2013,22
4/7/2013,27
4/8/2013,33
4/9/2013,22
4/10/2013,30
4/11/2013,26
4/12/2013,23
4/13/2013,25
4/14/2013,27
4/15/2013,61
4/16/2013,24
4/17/2013,26
4/18/2013,27
4/19/2013,29
4/20/2013,22
4/21/2013,26
4/22/2013,21
4/23/2013,33
4/24/2013,42
4/25/2013,22
4/26/2013,27
4/27/2013,26
4/28/2013,45
4/29/2013,37
4/30/2013,27
5/1/2013,34
5/2/2013,26
5/3/2013,24
5/4/2013,29
5/5/2013,44
5/6/2013,29
5/7/2013,30
5/8/2013,34
5/9/2013,37
5/10/2013,29
5/11/2013,65
5/12/2013,27
5/13/2013,28
5/14/2013,20
5/15/2013,28
5/16/2013,24
5/17/2013,24
5/18/2013,31
5/19/2013,18
5/20/2013,54
5/21/2013,32
5/22/2013,25
5/23/2013,23
5/24/2013,21
5/25/2013,23
5/26/2013,20
5/27/2013,49
5/28/2013,36
5/29/2013,22
5/30/2013,41
5/31/2013,16
6/1/2013,18
6/2/2013,16
6/3/2013,29
6/4/2013,18
6/5/2013,25
6/6/2013,19
6/7/2013,13
6/8/2013,16
6/9/2013,25
6/10/2013,26
6/11/2013,36
6/12/2013,15
6/13/2013,13
6/14/2013,15
6/15/2013,28
6/16/2013,37
6/17/2013,24
6/18/2013,27
6/19/2013,23
6/20/2013,17
6/21/2013,23
6/22/2013,23
6/23/2013,30
6/24/2013,28
6/25/2013,30
6/26/2013,29
6/27/2013,23
6/28/2013,27
6/29/2013,21
6/30/2013,31
7/1/2013,30
7/2/2013,39
7/3/2013,27
7/4/2013,32
7/5/2013,29
7/6/2013,22
7/7/2013,29
7/8/2013,31
7/9/2013,25
7/10/2013,11
7/11/2013,43
7/12/2013,23
7/13/2013,27
7/14/2013,35
7/15/2013,33
7/16/2013,16
7/17/2013,29
7/18/2013,19
7/19/2013,34
7/20/2013,39
7/21/2013,27
7/22/2013,46
7/23/2013,40
7/24/2013,39
7/25/2013,37
7/26/2013,24
7/27/2013,20
7/28/2013,23
7/29/2013,47
7/30/2013,31
7/31/2013,36
8/1/2013,28
8/2/2013,31
8/3/2013,20
8/4/2013,45
8/5/2013,24
8/6/2013,37
8/7/2013,43
8/8/2013,25
8/9/2013,11
8/10/2013,42
8/11/2013,19
8/12/2013,31
8/13/2013,27
8/14/2013,19
8/15/2013,31
8/16/2013,30
8/17/2013,30
8/18/2013,24
8/19/2013,29
8/20/2013,17
8/21/2013,22
8/22/2013,28
8/23/2013,25
8/24/2013,23
8/25/2013,38
8/26/2013,27
8/27/2013,28
8/28/2013,36
8/29/2013,27
8/30/2013,19
8/31/2013,27
9/1/2013,27
9/2/2013,19
9/3/2013,36
9/4/2013,36
9/5/2013,19
9/6/2013,21
9/7/2013,22
9/8/2013,21
9/9/2013,21
9/10/2013,32
9/11/2013,34
9/12/2013,17
9/13/2013,32
9/14/2013,33
9/15/2013,35
9/16/2013,25
9/17/2013,33
9/18/2013,25
9/19/2013,24
9/20/2013,25
9/21/2013,17
9/22/2013,19
9/23/2013,29
9/24/2013,20
9/25/2013,20
9/26/2013,27
9/27/2013,21
9/28/2013,35
9/29/2013,20
9/30/2013,34
10/1/2013,21
10/2/2013,27
10/3/2013,19
10/4/2013,25
10/5/2013,24
10/6/2013,35
10/7/2013,41
10/8/2013,19
10/9/2013,81
10/10/2013,26
10/11/2013,19
10/12/2013,19
10/13/2013,33
10/14/2013,25
10/15/2013,25
10/16/2013,12
10/17/2013,29
10/18/2013,18
10/19/2013,21
10/20/2013,26
10/21/2013,22
10/22/2013,32
10/23/2013,38
10/24/2013,42
10/25/2013,35
10/26/2013,36
10/27/2013,50
10/28/2013,35
10/29/2013,64
10/30/2013,44
10/31/2013,25
11/1/2013,21
11/2/2013,30
11/3/2013,33
11/4/2013,48
11/5/2013,20
11/6/2013,36
11/7/2013,26
11/8/2013,32
11/9/2013,28
11/10/2013,34
11/11/2013,44
11/12/2013,14
11/13/2013,47
11/14/2013,36
11/15/2013,19
11/16/2013,29
11/17/2013,54
11/18/2013,49
11/19/2013,30
11/20/2013,49
11/21/2013,30
11/22/2013,31
11/23/2013,33
11/24/2013,37
11/25/2013,41
11/26/2013,42
11/27/2013,29
11/28/2013,57
11/29/2013,24
11/30/2013,24
12/1/2013,21
12/2/2013,44
12/3/2013,50
12/4/2013,43
12/5/2013,38
12/6/2013,30
12/7/2013,24
12/8/2013,33
12/9/2013,21
12/10/2013,33
12/11/2013,28
12/12/2013,21
12/13/2013,22
12/14/2013,31
12/15/2013,35
12/16/2013,43
12/17/2013,46
12/18/2013,30
12/19/2013,25
12/20/2013,29
12/21/2013,31
12/22/2013,31
12/23/2013,26
12/24/2013,38
12/25/2013,33
12/26/2013,28
12/27/2013,30
12/28/2013,28
12/29/2013,49
12/30/2013,41
12/31/2013,36
1/1/2014,35
1/2/2014,29
1/3/2014,40
1/4/2014,68
1/5/2014,31
1/6/2014,42
1/7/2014,36
1/8/2014,30
1/9/2014,14
1/10/2014,15
1/11/2014,27
1/12/2014,38
1/13/2014,27
1/14/2014,48
1/15/2014,53
1/16/2014,44
1/17/2014,38
1/18/2014,48
1/19/2014,24
1/20/2014,39
1/21/2014,46
1/22/2014,32
1/23/2014,27
1/24/2014,38
1/25/2014,37
1/26/2014,50
1/27/2014,36
1/28/2014,34
1/29/2014,33
1/30/2014,45
1/31/2014,41
2/1/2014,41
2/2/2014,35
2/3/2014,49
2/4/2014,37
2/5/2014,28
2/6/2014,40
2/7/2014,38
2/8/2014,37
2/9/2014,41
2/10/2014,38
2/11/2014,26
2/12/2014,34
2/13/2014,33
2/14/2014,33
2/15/2014,35
2/16/2014,42
2/17/2014,37
2/18/2014,44
2/19/2014,54
2/20/2014,62
2/21/2014,20
2/22/2014,47
2/23/2014,40
2/24/2014,44
2/25/2014,45
2/26/2014,48
2/27/2014,40
2/28/2014,44
3/1/2014,45
3/2/2014,42
3/3/2014,52
3/4/2014,29
3/5/2014,35
3/6/2014,45
3/7/2014,26
3/8/2014,55
3/9/2014,35
3/10/2014,33
3/11/2014,50
3/12/2014,29
3/13/2014,52
3/14/2014,33
3/15/2014,45
3/16/2014,24
3/17/2014,27
3/18/2014,47
3/19/2014,34
3/20/2014,34
3/21/2014,54
3/22/2014,49
3/23/2014,30
3/24/2014,51
3/25/2014,45
3/26/2014,35
3/27/2014,40
3/28/2014,28
3/29/2014,30
3/30/2014,38
3/31/2014,42
4/1/2014,31
4/2/2014,52
4/3/2014,31
4/4/2014,36
4/5/2014,50
4/6/2014,41
4/7/2014,42
4/8/2014,43
4/9/2014,61
4/10/2014,64
4/11/2014,29
4/12/2014,41
4/13/2014,49
4/14/2014,45
4/15/2014,65
4/16/2014,41
4/17/2014,48
4/18/2014,27
4/19/2014,22
4/20/2014,34
4/21/2014,44
4/22/2014,42
4/23/2014,36
4/24/2014,33
4/25/2014,30
4/26/2014,27
4/27/2014,38
4/28/2014,40
4/29/2014,45
4/30/2014,39
5/1/2014,45
5/2/2014,39
5/3/2014,46
5/4/2014,37
5/5/2014,40
5/6/2014,53
5/7/2014,33
5/8/2014,40
5/9/2014,19
5/10/2014,37
5/11/2014,74
5/12/2014,53
5/13/2014,58
5/14/2014,40
5/15/2014,33
5/16/2014,36
5/17/2014,30
5/18/2014,43
5/19/2014,45
5/20/2014,39
5/21/2014,43
5/22/2014,64
5/23/2014,49
5/24/2014,59
5/25/2014,43
5/26/2014,47
5/27/2014,39
5/28/2014,52
5/29/2014,43
5/30/2014,22
5/31/2014,36
6/1/2014,32
6/2/2014,36
6/3/2014,36
6/4/2014,38
6/5/2014,43
6/6/2014,38
6/7/2014,28
6/8/2014,59
6/9/2014,39
6/10/2014,43
6/11/2014,57
6/12/2014,25
6/13/2014,27
6/14/2014,79
6/15/2014,40
6/16/2014,41
6/17/2014,29
6/18/2014,25
6/19/2014,30
6/20/2014,22
6/21/2014,37
6/22/2014,22
6/23/2014,21
6/24/2014,42
6/25/2014,50
6/26/2014,24
6/27/2014,21
6/28/2014,23
6/29/2014,45
6/30/2014,39
7/1/2014,21
7/2/2014,37
7/3/2014,64
7/4/2014,37
7/5/2014,64
7/6/2014,39
7/7/2014,78
7/8/2014,53
7/9/2014,31
7/10/2014,34
7/11/2014,48
7/12/2014,49
7/13/2014,49
7/14/2014,35
7/15/2014,45
7/16/2014,37
7/17/2014,33
7/18/2014,39
7/19/2014,47
7/20/2014,36
7/21/2014,42
7/22/2014,27
7/23/2014,41
7/24/2014,42
7/25/2014,44
7/26/2014,44
7/27/2014,56
7/28/2014,26
7/29/2014,36
7/30/2014,40
7/31/2014,33
8/1/2014,34
8/2/2014,31
8/3/2014,46
8/4/2014,31
8/5/2014,42
8/6/2014,38
8/7/2014,26
8/8/2014,42
8/9/2014,38
8/10/2014,29
8/11/2014,27
8/12/2014,42
8/13/2014,54
8/14/2014,44
8/15/2014,24
8/16/2014,36
8/17/2014,23
8/18/2014,35
8/19/2014,54
8/20/2014,31
8/21/2014,36
8/22/2014,45
8/23/2014,32
8/24/2014,52
8/25/2014,55
8/26/2014,33
8/27/2014,30
8/28/2014,23
8/29/2014,21
8/30/2014,26
8/31/2014,28
9/1/2014,35
9/2/2014,25
9/3/2014,29
9/4/2014,32
9/5/2014,23
9/6/2014,31
9/7/2014,31
9/8/2014,25
9/9/2014,49
9/10/2014,32
9/11/2014,31
9/12/2014,53
9/13/2014,38
9/14/2014,30
9/15/2014,42
9/16/2014,42
9/17/2014,52
9/18/2014,39
9/19/2014,40
9/20/2014,24
9/21/2014,51
9/22/2014,50
9/23/2014,33
9/24/2014,27
9/25/2014,24
9/26/2014,26
9/27/2014,44
9/28/2014,23
9/29/2014,40
9/30/2014,29
10/1/2014,49
10/2/2014,38
10/3/2014,33
10/4/2014,25
10/5/2014,24
10/6/2014,47
10/7/2014,31
10/8/2014,41
10/9/2014,29
10/10/2014,36
10/11/2014,41
10/12/2014,46
10/13/2014,27
10/14/2014,39
10/15/2014,39
10/16/2014,31
10/17/2014,18
10/18/2014,36
10/19/2014,27
10/20/2014,17
10/21/2014,33
10/22/2014,41
10/23/2014,29
10/24/2014,44
10/25/2014,21
10/26/2014,22
10/27/2014,37
10/28/2014,19
10/29/2014,33
10/30/2014,24
10/31/2014,44
11/1/2014,31
11/2/2014,53
11/3/2014,31
11/4/2014,36
11/5/2014,33
11/6/2014,31
11/7/2014,35
11/8/2014,32
11/9/2014,48
11/10/2014,25
11/11/2014,30
11/12/2014,56
11/13/2014,31
11/14/2014,36
11/15/2014,26
11/16/2014,38
11/17/2014,25
11/18/2014,41
11/19/2014,24
11/20/2014,36
11/21/2014,23
11/22/2014,33
11/23/2014,29
11/24/2014,30
11/25/2014,33
11/26/2014,36
11/27/2014,33
11/28/2014,33
11/29/2014,32
11/30/2014,38
12/1/2014,37
12/2/2014,32
12/3/2014,30
12/4/2014,35
12/5/2014,25
12/6/2014,24
12/7/2014,24
12/8/2014,37
12/9/2014,27
12/10/2014,30
12/11/2014,28
12/12/2014,19
12/13/2014,28
12/14/2014,25
12/15/2014,25
12/16/2014,24
12/17/2014,29
12/18/2014,18
12/19/2014,21
12/20/2014,54
12/21/2014,30
12/22/2014,27
12/23/2014,44
12/24/2014,28
12/25/2014,18
12/26/2014,23
12/27/2014,24
12/28/2014,40
12/29/2014,39
12/30/2014,38
12/31/2014,35
1/1/2015,33
1/2/2015,24
1/3/2015,30
1/4/2015,39
1/5/2015,35
1/6/2015,26
1/7/2015,56
1/8/2015,61
1/9/2015,35
1/10/2015,52
1/11/2015,39
1/12/2015,47
1/13/2015,46
1/14/2015,48
1/15/2015,57
1/16/2015,35
1/17/2015,36
1/18/2015,40
1/19/2015,37
1/20/2015,55
1/21/2015,35
1/22/2015,35
1/23/2015,25
1/24/2015,40
1/25/2015,56
1/26/2015,47
1/27/2015,49
1/28/2015,37
1/29/2015,42
1/30/2015,51
1/31/2015,34
2/1/2015,44
2/2/2015,36
2/3/2015,57
2/4/2015,34
2/5/2015,38
2/6/2015,38
2/7/2015,41
2/8/2015,46
2/9/2015,52
2/10/2015,51
2/11/2015,43
2/12/2015,58
2/13/2015,37
2/14/2015,43
2/15/2015,50
2/16/2015,33
2/17/2015,46
2/18/2015,30
2/19/2015,36
2/20/2015,25
2/21/2015,31
2/22/2015,31
2/23/2015,26
2/24/2015,42
2/25/2015,34
2/26/2015,34
2/27/2015,32
2/28/2015,35
3/1/2015,34
3/2/2015,41
3/3/2015,36
3/4/2015,21
3/5/2015,29
3/6/2015,21
3/7/2015,42
3/8/2015,38
3/9/2015,28
3/10/2015,39
3/11/2015,40
3/12/2015,26
3/13/2015,20
3/14/2015,18
3/15/2015,33
3/16/2015,25
3/17/2015,26
3/18/2015,32
3/19/2015,32
3/20/2015,31
3/21/2015,35
3/22/2015,36
3/23/2015,32
3/24/2015,38
3/25/2015,30
3/26/2015,26
3/27/2015,21
3/28/2015,28
3/29/2015,25
3/30/2015,46
3/31/2015,26
4/1/2015,34
4/2/2015,54
4/3/2015,31
4/4/2015,36
4/5/2015,43
4/6/2015,39
4/7/2015,22
4/8/2015,19
4/9/2015,16
4/10/2015,27
4/11/2015,33
4/12/2015,34
4/13/2015,49
4/14/2015,33
4/15/2015,41
4/16/2015,26
4/17/2015,38
4/18/2015,27
4/19/2015,23
4/20/2015,28
4/21/2015,34
4/22/2015,27
4/23/2015,32
4/24/2015,53
4/25/2015,41
4/26/2015,43
4/27/2015,40
4/28/2015,29
4/29/2015,33
4/30/2015,41
5/1/2015,34
5/2/2015,29
5/3/2015,44
5/4/2015,33
5/5/2015,37
5/6/2015,29
5/7/2015,34
5/8/2015,33
5/9/2015,25
5/10/2015,35
5/11/2015,29
5/12/2015,36
5/13/2015,36
5/14/2015,45
5/15/2015,23
5/16/2015,40
5/17/2015,27
5/18/2015,37
5/19/2015,32
5/20/2015,40
5/21/2015,33
5/22/2015,31
5/23/2015,32
5/24/2015,42
5/25/2015,49
5/26/2015,38
5/27/2015,27
5/28/2015,29
5/29/2015,38
5/30/2015,46
5/31/2015,32
6/1/2015,32
6/2/2015,28
6/3/2015,39
6/4/2015,27
6/5/2015,21
6/6/2015,45
6/7/2015,44
6/8/2015,23
6/9/2015,36
6/10/2015,33
6/11/2015,34
6/12/2015,26
6/13/2015,26
6/14/2015,25
6/15/2015,55
6/16/2015,46
6/17/2015,39
6/18/2015,27
6/19/2015,23
6/20/2015,20
6/21/2015,35
6/22/2015,34
6/23/2015,31
6/24/2015,27
6/25/2015,33
6/26/2015,35
6/27/2015,22
6/28/2015,31
6/29/2015,32
6/30/2015,49
7/1/2015,32
7/2/2015,53
7/3/2015,30
7/4/2015,44
7/5/2015,37
7/6/2015,36
7/7/2015,40
7/8/2015,24
7/9/2015,37
7/10/2015,36
7/11/2015,38
7/12/2015,47
7/13/2015,42
7/14/2015,38
7/15/2015,28
7/16/2015,30
7/17/2015,30
7/18/2015,16
7/19/2015,22
7/20/2015,29
7/21/2015,37
7/22/2015,36
7/23/2015,30
7/24/2015,27
7/25/2015,44
7/26/2015,29
7/27/2015,53
7/28/2015,24
7/29/2015,28
7/30/2015,20
7/31/2015,34
8/1/2015,27
8/2/2015,36
8/3/2015,44
8/4/2015,34
8/5/2015,36
8/6/2015,28
8/7/2015,33
8/8/2015,34
8/9/2015,23
8/10/2015,37
8/11/2015,34
8/12/2015,38
8/13/2015,37
8/14/2015,31
8/15/2015,36
8/16/2015,30
8/17/2015,32
8/18/2015,31
8/19/2015,33
8/20/2015,32
8/21/2015,20
8/22/2015,55
8/23/2015,46
8/24/2015,32
8/25/2015,39
8/26/2015,29
8/27/2015,31
8/28/2015,31
8/29/2015,25
8/30/2015,36
8/31/2015,42
9/1/2015,28
9/2/2015,31
9/3/2015,32
9/4/2015,26
9/5/2015,38
9/6/2015,23
9/7/2015,40
9/8/2015,33
9/9/2015,57
9/10/2015,24
9/11/2015,34
9/12/2015,24
9/13/2015,33
9/14/2015,47
9/15/2015,36
9/16/2015,26
9/17/2015,31
9/18/2015,33
9/19/2015,37
9/20/2015,40
9/21/2015,33
9/22/2015,22
9/23/2015,35
9/24/2015,22
9/25/2015,9
9/26/2015,27
9/27/2015,29
9/28/2015,28
9/29/2015,24
9/30/2015,34
10/1/2015,35
10/2/2015,22
10/3/2015,39
10/4/2015,36
10/5/2015,27
10/6/2015,22
10/7/2015,48
10/8/2015,40
10/9/2015,32
10/10/2015,37
10/11/2015,21
10/12/2015,51
10/13/2015,37
10/14/2015,19
10/15/2015,34
10/16/2015,35
10/17/2015,36
10/18/2015,39
10/19/2015,35
10/20/2015,34
10/21/2015,29
10/22/2015,22
10/23/2015,41
10/24/2015,34
10/25/2015,27
10/26/2015,33
10/27/2015,37
10/28/2015,37
10/29/2015,49
10/30/2015,34
10/31/2015,42
11/1/2015,33
11/2/2015,27
11/3/2015,26
11/4/2015,30
11/5/2015,34
11/6/2015,31
11/7/2015,19
11/8/2015,35
11/9/2015,45
11/10/2015,37
11/11/2015,32
11/12/2015,27
11/13/2015,48
11/14/2015,40
11/15/2015,31
11/16/2015,20
11/17/2015,35
11/18/2015,31
11/19/2015,35
11/20/2015,34
11/21/2015,42
11/22/2015,31
11/23/2015,46
11/24/2015,39
11/25/2015,16
11/26/2015,27
11/27/2015,27
11/28/2015,35
11/29/2015,27
11/30/2015,36
12/1/2015,27
12/2/2015,26
12/3/2015,32
12/4/2015,28
12/5/2015,23
12/6/2015,20
12/7/2015,25
12/8/2015,25
12/9/2015,30
12/10/2015,30
12/11/2015,20
12/12/2015,28
12/13/2015,31
12/14/2015,21
12/15/2015,41
12/16/2015,28
12/17/2015,32
12/18/2015,21
12/19/2015,24
12/20/2015,27
12/21/2015,32
12/22/2015,34
12/23/2015,27
12/24/2015,34
12/25/2015,31
12/26/2015,27
12/27/2015,45
12/28/2015,42
12/29/2015,29
12/30/2015,21
12/31/2015,26
1/1/2016,25
1/2/2016,17
1/3/2016,35
1/4/2016,39
1/5/2016,32
1/6/2016,22
1/7/2016,33
1/8/2016,20
1/9/2016,23
1/10/2016,31
1/11/2016,74
1/12/2016,29
1/13/2016,39
1/14/2016,33
1/15/2016,41
1/16/2016,41
1/17/2016,37
1/18/2016,26
1/19/2016,26
1/20/2016,26
1/21/2016,39
1/22/2016,16
1/23/2016,30
1/24/2016,36
1/25/2016,32
1/26/2016,30
1/27/2016,23
1/28/2016,46
1/29/2016,27
1/30/2016,39
1/31/2016,45
2/1/2016,30
2/2/2016,38
2/3/2016,55
2/4/2016,25
2/5/2016,31
2/6/2016,47
2/7/2016,30
2/8/2016,21
2/9/2016,27
2/10/2016,30
2/11/2016,32
2/12/2016,45
2/13/2016,29
2/14/2016,30
2/15/2016,37
2/16/2016,44
2/17/2016,35
2/18/2016,31
2/19/2016,28
2/20/2016,21
2/21/2016,31
2/22/2016,34
2/23/2016,34
2/24/2016,44
2/25/2016,29
2/26/2016,25
2/27/2016,37
2/28/2016,27
2/29/2016,45
3/1/2016,27
3/2/2016,30
3/3/2016,41
3/4/2016,18
3/5/2016,23
3/6/2016,32
3/7/2016,32
3/8/2016,37
3/9/2016,39
3/10/2016,25
3/11/2016,36
3/12/2016,41
3/13/2016,66
3/14/2016,34
3/15/2016,39
3/16/2016,33
3/17/2016,24
3/18/2016,16
3/19/2016,24
3/20/2016,26
3/21/2016,20
3/22/2016,53
3/23/2016,25
3/24/2016,28
3/25/2016,19
3/26/2016,23
3/27/2016,24
3/28/2016,28
3/29/2016,22
3/30/2016,42
3/31/2016,35
4/1/2016,19
4/2/2016,19
4/3/2016,40
4/4/2016,57
4/5/2016,27
4/6/2016,40
4/7/2016,31
4/8/2016,24
4/9/2016,34
4/10/2016,29
4/11/2016,31
4/12/2016,31
4/13/2016,35
4/14/2016,30
4/15/2016,38
4/16/2016,32
4/17/2016,34
4/18/2016,33
4/19/2016,28
4/20/2016,30
4/21/2016,30
4/22/2016,21
4/23/2016,25
4/24/2016,25
4/25/2016,46
4/26/2016,25
4/27/2016,35
4/28/2016,35
4/29/2016,23
4/30/2016,19
5/1/2016,42
5/2/2016,38
5/3/2016,32
5/4/2016,42
5/5/2016,44
5/6/2016,32
5/7/2016,37
5/8/2016,55
5/9/2016,69
5/10/2016,46
5/11/2016,23
5/12/2016,29
5/13/2016,15
5/14/2016,32
5/15/2016,32
5/16/2016,35
5/17/2016,35
5/18/2016,41
5/19/2016,33
5/20/2016,23
5/21/2016,36
5/22/2016,19
5/23/2016,34
5/24/2016,33
5/25/2016,44
5/26/2016,33
5/27/2016,20
5/28/2016,27
5/29/2016,76
5/30/2016,52
5/31/2016,34
6/1/2016,48
6/2/2016,25
6/3/2016,29
6/4/2016,25
6/5/2016,67
6/6/2016,38
6/7/2016,42
6/8/2016,33
6/9/2016,26
6/10/2016,28
6/11/2016,34
6/12/2016,34
6/13/2016,28
6/14/2016,29
6/15/2016,36
6/16/2016,31
6/17/2016,21
6/18/2016,25
6/19/2016,29
6/20/2016,46
6/21/2016,44
6/22/2016,46
6/23/2016,40
6/24/2016,24
6/25/2016,24
6/26/2016,32
6/27/2016,39
6/28/2016,31
6/29/2016,29
6/30/2016,36
7/1/2016,27
7/2/2016,30
7/3/2016,24
7/4/2016,36
7/5/2016,28
7/6/2016,21
7/7/2016,29
7/8/2016,22
7/9/2016,32
7/10/2016,20
7/11/2016,27
7/12/2016,31
7/13/2016,27
7/14/2016,36
7/15/2016,28
7/16/2016,24
7/17/2016,29
7/18/2016,41
7/19/2016,30
7/20/2016,21
7/21/2016,24
7/22/2016,67
7/23/2016,38
7/24/2016,38
7/25/2016,36
7/26/2016,20
7/27/2016,34
7/28/2016,19
7/29/2016,36
7/30/2016,29
7/31/2016,33
8/1/2016,37
8/2/2016,27
8/3/2016,22
8/4/2016,29
8/5/2016,38
8/6/2016,54
8/7/2016,35
8/8/2016,76
8/9/2016,23
8/10/2016,36
8/11/2016,34
8/12/2016,42
8/13/2016,29
8/14/2016,27
8/15/2016,37
8/16/2016,27
8/17/2016,28
8/18/2016,30
8/19/2016,24
8/20/2016,23
8/21/2016,26
8/22/2016,31
8/23/2016,24
8/24/2016,15
8/25/2016,31
8/26/2016,28
8/27/2016,27
8/28/2016,21
8/29/2016,24
8/30/2016,30
8/31/2016,28
9/1/2016,13
9/2/2016,26
9/3/2016,23
9/4/2016,29
9/5/2016,35
9/6/2016,26
9/7/2016,27
9/8/2016,28
9/9/2016,29
9/10/2016,24
9/11/2016,29
9/12/2016,26
9/13/2016,22
9/14/2016,19
9/15/2016,21
9/16/2016,18
9/17/2016,26
9/18/2016,24
9/19/2016,38
9/20/2016,25
9/21/2016,127
9/22/2016,24
9/23/2016,19
9/24/2016,26
9/25/2016,29
9/26/2016,37
9/27/2016,21
9/28/2016,26
9/29/2016,27
9/30/2016,29
10/1/2016,31
10/2/2016,26
10/3/2016,40
10/4/2016,36
10/5/2016,27
10/6/2016,25
10/7/2016,27
10/8/2016,22
10/9/2016,30
10/10/2016,31
10/11/2016,44
10/12/2016,26
10/13/2016,29
10/14/2016,28
10/15/2016,23
10/16/2016,40
10/17/2016,22
10/18/2016,20
10/19/2016,40
10/20/2016,42
10/21/2016,30
10/22/2016,19
10/23/2016,55
10/24/2016,31
10/25/2016,25
10/26/2016,35
10/27/2016,38
10/28/2016,37
10/29/2016,41
10/30/2016,28
10/31/2016,22
11/1/2016,23
11/2/2016,34
11/3/2016,38
11/4/2016,36
11/5/2016,38
11/6/2016,35
11/7/2016,27
11/8/2016,32
11/9/2016,39
11/10/2016,20
11/11/2016,23
11/12/2016,31
11/13/2016,37
11/14/2016,34
11/15/2016,48
11/16/2016,30
11/17/2016,26
11/18/2016,28
11/19/2016,31
11/20/2016,47
11/21/2016,29
11/22/2016,23
11/23/2016,39
11/24/2016,28
11/25/2016,39
11/26/2016,34
11/27/2016,31
11/28/2016,35
11/29/2016,16
11/30/2016,17
12/1/2016,102
12/2/2016,19
12/3/2016,14
12/4/2016,33
12/5/2016,24
12/6/2016,31
12/7/2016,21
12/8/2016,21
12/9/2016,16
12/10/2016,14
12/11/2016,23
12/12/2016,27
12/13/2016,11
12/14/2016,30
12/15/2016,34
12/16/2016,18
12/17/2016,18
12/18/2016,25
12/19/2016,30
12/20/2016,17
12/21/2016,34
12/22/2016,18
12/23/2016,22
12/24/2016,21
12/25/2016,46
12/26/2016,18
12/27/2016,15
12/28/2016,23
12/29/2016,29
12/30/2016,23
12/31/2016,24
1/1/2017,29
1/2/2017,31
1/3/2017,23
1/4/2017,29
1/5/2017,19
1/6/2017,20
1/7/2017,18
1/8/2017,18
1/9/2017,23
1/10/2017,30
1/11/2017,16
1/12/2017,22
1/13/2017,24
1/14/2017,24
1/15/2017,28
1/16/2017,22
1/17/2017,26
1/18/2017,30
1/19/2017,18
1/20/2017,24
1/21/2017,24
1/22/2017,19
1/23/2017,21
1/24/2017,21
1/25/2017,35
1/26/2017,26
1/27/2017,18
1/28/2017,28
1/29/2017,26
1/30/2017,35
1/31/2017,24
2/1/2017,27
2/2/2017,30
2/3/2017,17
2/4/2017,33
2/5/2017,18
2/6/2017,16
2/7/2017,26
2/8/2017,24
2/9/2017,25
2/10/2017,27
2/11/2017,22
2/12/2017,34
2/13/2017,17
2/14/2017,21
2/15/2017,31
2/16/2017,27
2/17/2017,20
2/18/2017,29
2/19/2017,29
2/20/2017,30
2/21/2017,32
2/22/2017,28
2/23/2017,23
2/24/2017,26
2/25/2017,35
2/26/2017,36
2/27/2017,32
2/28/2017,32
3/1/2017,36
3/2/2017,28
3/3/2017,23
3/4/2017,17
3/5/2017,25
3/6/2017,24
3/7/2017,28
3/8/2017,35
3/9/2017,27
3/10/2017,20
3/11/2017,27
3/12/2017,24
3/13/2017,29
3/14/2017,23
3/15/2017,36
3/16/2017,16
3/17/2017,29
3/18/2017,21
3/19/2017,27
3/20/2017,26
3/21/2017,26
3/22/2017,40
3/23/2017,21
3/24/2017,25
3/25/2017,31
3/26/2017,27
3/27/2017,27
3/28/2017,26
3/29/2017,38
3/30/2017,23
3/31/2017,17
4/1/2017,15
4/2/2017,26
4/3/2017,28
4/4/2017,17
4/5/2017,28
4/6/2017,26
4/7/2017,57
4/8/2017,29
4/9/2017,28
4/10/2017,16
4/11/2017,18
4/12/2017,11
4/13/2017,17
4/14/2017,19
4/15/2017,21
4/16/2017,27
4/17/2017,24
4/18/2017,28
4/19/2017,47
4/20/2017,24
4/21/2017,53
4/22/2017,12
4/23/2017,15
4/24/2017,21
4/25/2017,20
4/26/2017,15
4/27/2017,14
4/28/2017,18
4/29/2017,29
4/30/2017,13
5/1/2017,22
5/2/2017,21
5/3/2017,19
5/4/2017,11
5/5/2017,10
5/6/2017,13
5/7/2017,21
5/8/2017,21
5/9/2017,28
5/10/2017,25
5/11/2017,20
5/12/2017,31
5/13/2017,35
5/14/2017,35
5/15/2017,35
5/16/2017,52
5/17/2017,30
5/18/2017,36
5/19/2017,39
5/20/2017,32
5/21/2017,25
5/22/2017,34
5/23/2017,36
5/24/2017,37
5/25/2017,24
5/26/2017,20
5/27/2017,33
5/28/2017,25
5/29/2017,30
5/30/2017,32
5/31/2017,33
6/1/2017,22
6/2/2017,22
6/3/2017,31
6/4/2017,18
6/5/2017,20
6/6/2017,32
6/7/2017,35
6/8/2017,30
6/9/2017,28
6/10/2017,56
6/11/2017,24
6/12/2017,20
6/13/2017,22
6/14/2017,36
6/15/2017,41
6/16/2017,31
6/17/2017,21
6/18/2017,39
6/19/2017,33
6/20/2017,32
6/21/2017,36
6/22/2017,20
6/23/2017,32
6/24/2017,30
6/25/2017,26
6/26/2017,39
6/27/2017,29
6/28/2017,35
6/29/2017,21
6/30/2017,34
7/1/2017,22
7/2/2017,22
7/3/2017,35
7/4/2017,22
7/5/2017,34
7/6/2017,26
7/7/2017,16
7/8/2017,30
7/9/2017,26
7/10/2017,18
7/11/2017,22
7/12/2017,22
7/13/2017,47
7/14/2017,21
7/15/2017,27
7/16/2017,25
7/17/2017,22
7/18/2017,32
7/19/2017,30
7/20/2017,23
7/21/2017,26
7/22/2017,25
7/23/2017,26
7/24/2017,30
7/25/2017,23
7/26/2017,22
7/27/2017,24
7/28/2017,25
7/29/2017,17
7/30/2017,16
7/31/2017,20
8/1/2017,20
8/2/2017,30
8/3/2017,23
8/4/2017,27
8/5/2017,24
8/6/2017,32
8/7/2017,20
8/8/2017,13
8/9/2017,24
8/10/2017,22
8/11/2017,15
8/12/2017,33
8/13/2017,20
8/14/2017,25
8/15/2017,32
8/16/2017,27
8/17/2017,26
8/18/2017,15
8/19/2017,27
8/20/2017,16
8/21/2017,28
8/22/2017,18
8/23/2017,29
8/24/2017,34
8/25/2017,56
8/26/2017,21
8/27/2017,45
8/28/2017,30
8/29/2017,20
8/30/2017,16
8/31/2017,19
9/1/2017,18
9/2/2017,14
9/3/2017,17
9/4/2017,22
9/5/2017,25
9/6/2017,33
9/7/2017,22
9/8/2017,25
9/9/2017,17
9/10/2017,18
9/11/2017,29
9/12/2017,13
9/13/2017,21
9/14/2017,29
9/15/2017,33
9/16/2017,19
9/17/2017,19
9/18/2017,23
9/19/2017,16
9/20/2017,20
9/21/2017,19
9/22/2017,12
9/23/2017,19
9/24/2017,19
9/25/2017,21
9/26/2017,31
9/27/2017,35
9/28/2017,48
9/29/2017,26
9/30/2017,25
10/1/2017,19
10/2/2017,28
10/3/2017,17
10/4/2017,22
10/5/2017,21
10/6/2017,14
10/7/2017,17
10/8/2017,13
10/9/2017,21
10/10/2017,19
10/11/2017,24
10/12/2017,30
10/13/2017,18
10/14/2017,24
10/15/2017,31
10/16/2017,21
10/17/2017,21
10/18/2017,23
10/19/2017,20
10/20/2017,14
10/21/2017,19
10/22/2017,25
10/23/2017,17
10/24/2017,22
10/25/2017,13
10/26/2017,19
10/27/2017,25
10/28/2017,30
10/29/2017,21
10/30/2017,21
10/31/2017,29
11/1/2017,14
11/2/2017,18
11/3/2017,16
11/4/2017,24
11/5/2017,22
11/6/2017,22
11/7/2017,31
11/8/2017,17
11/9/2017,20
11/10/2017,19
11/11/2017,19
11/12/2017,25
11/13/2017,28
11/14/2017,18
11/15/2017,21
11/16/2017,17
11/17/2017,16
11/18/2017,22
11/19/2017,21
11/20/2017,19
11/21/2017,19
11/22/2017,18
11/23/2017,16
11/24/2017,35
11/25/2017,25
11/26/2017,34
11/27/2017,29
11/28/2017,40
11/29/2017,16
11/30/2017,27
12/1/2017,24
12/2/2017,33
12/3/2017,18
12/4/2017,35
12/5/2017,22
12/6/2017,17
12/7/2017,27
12/8/2017,24
12/9/2017,21
12/10/2017,25
12/11/2017,20
12/12/2017,31
12/13/2017,13
12/14/2017,13
12/15/2017,19
12/16/2017,14
12/17/2017,19
12/18/2017,19
12/19/2017,15
12/20/2017,24
12/21/2017,11
12/22/2017,17
12/23/2017,12
12/24/2017,15
12/25/2017,25
12/26/2017,10
12/27/2017,22
12/28/2017,27
12/29/2017,12
12/30/2017,18
12/31/2017,19
1/1/2018,23
1/2/2018,26
1/3/2018,29
1/4/2018,15
1/5/2018,22
1/6/2018,24
1/7/2018,15
1/8/2018,15
1/9/2018,29
1/10/2018,29
1/11/2018,24
1/12/2018,28
1/13/2018,21
1/14/2018,22
1/15/2018,22
1/16/2018,31
1/17/2018,38
1/18/2018,17
1/19/2018,27
1/20/2018,17
1/21/2018,24
1/22/2018,19
1/23/2018,26
1/24/2018,19
1/25/2018,17
1/26/2018,18
1/27/2018,28
1/28/2018,22
1/29/2018,11
1/30/2018,24
1/31/2018,17
2/1/2018,22
2/2/2018,13
2/3/2018,18
2/4/2018,27
2/5/2018,24
2/6/2018,21
2/7/2018,17
2/8/2018,17
2/9/2018,22
2/10/2018,29
2/11/2018,31
2/12/2018,25
2/13/2018,24
2/14/2018,14
2/15/2018,19
2/16/2018,21
2/17/2018,19
2/18/2018,20
2/19/2018,26
2/20/2018,22
2/21/2018,23
2/22/2018,18
2/23/2018,14
2/24/2018,25
2/25/2018,18
2/26/2018,16
2/27/2018,25
2/28/2018,18
3/1/2018,25
3/2/2018,22
3/3/2018,17
3/4/2018,18
3/5/2018,24
3/6/2018,17
3/7/2018,21
3/8/2018,18
3/9/2018,12
3/10/2018,15
3/11/2018,19
3/12/2018,23
3/13/2018,16
3/14/2018,33
3/15/2018,29
3/16/2018,7
3/17/2018,24
3/18/2018,11
3/19/2018,22
3/20/2018,22
3/21/2018,16
3/22/2018,17
3/23/2018,15
3/24/2018,18
3/25/2018,31
3/26/2018,26
3/27/2018,12
3/28/2018,17
3/29/2018,19
3/30/2018,21
3/31/2018,13
4/1/2018,20
4/2/2018,22
4/3/2018,17
4/4/2018,25
4/5/2018,10
4/6/2018,12
4/7/2018,19
4/8/2018,23
4/9/2018,20
4/10/2018,25
4/11/2018,46
4/12/2018,33
4/13/2018,22
4/14/2018,32
4/15/2018,37
4/16/2018,21
4/17/2018,16
4/18/2018,22
4/19/2018,18
4/20/2018,13
4/21/2018,27
4/22/2018,30
4/23/2018,18
4/24/2018,22
4/25/2018,33
4/26/2018,16
4/27/2018,19
4/28/2018,23
4/29/2018,17
4/30/2018,19
5/1/2018,26
5/2/2018,24
5/3/2018,16
5/4/2018,36
5/5/2018,40
5/6/2018,26
5/7/2018,17
5/8/2018,21
5/9/2018,33
5/10/2018,26
5/11/2018,28
5/12/2018,25
5/13/2018,41
5/14/2018,26
5/15/2018,26
5/16/2018,23
5/17/2018,30
5/18/2018,17
5/19/2018,15
5/20/2018,40
5/21/2018,27
5/22/2018,23
5/23/2018,22
5/24/2018,25
5/25/2018,18
5/26/2018,26
5/27/2018,21
5/28/2018,24
5/29/2018,36
5/30/2018,20
5/31/2018,12
6/1/2018,20
6/2/2018,28
6/3/2018,32
6/4/2018,24
6/5/2018,24
6/6/2018,26
6/7/2018,18
6/8/2018,28
6/9/2018,16
6/10/2018,23
6/11/2018,33
6/12/2018,23
6/13/2018,19
6/14/2018,14
6/15/2018,14
6/16/2018,46
6/17/2018,20
6/18/2018,25
6/19/2018,15
6/20/2018,20
6/21/2018,17
6/22/2018,23
6/23/2018,24
6/24/2018,22
6/25/2018,21
6/26/2018,20
6/27/2018,17
6/28/2018,16
6/29/2018,14
6/30/2018,14
7/1/2018,17
7/2/2018,24
7/3/2018,17
7/4/2018,25
7/5/2018,29
7/6/2018,22
7/7/2018,34
7/8/2018,15
7/9/2018,33
7/10/2018,23
7/11/2018,29
7/12/2018,26
7/13/2018,29
7/14/2018,25
7/15/2018,15
7/16/2018,13
7/17/2018,25
7/18/2018,24
7/19/2018,20
7/20/2018,22
7/21/2018,27
7/22/2018,25
7/23/2018,28
7/24/2018,21
7/25/2018,42
7/26/2018,16
7/27/2018,13
7/28/2018,18
7/29/2018,34
7/30/2018,22
7/31/2018,26
8/1/2018,15
8/2/2018,18
8/3/2018,32
8/4/2018,16
8/5/2018,22
8/6/2018,20
8/7/2018,27
8/8/2018,31
8/9/2018,21
8/10/2018,21
8/11/2018,21
8/12/2018,21
8/13/2018,19
8/14/2018,33
8/15/2018,20
8/16/2018,14
8/17/2018,18
8/18/2018,12
8/19/2018,9
8/20/2018,14
8/21/2018,19
8/22/2018,19
8/23/2018,18
8/24/2018,11
8/25/2018,16
8/26/2018,18
8/27/2018,15
8/28/2018,28
8/29/2018,22
8/30/2018,22
8/31/2018,18
9/1/2018,18
9/2/2018,23
9/3/2018,26
9/4/2018,21
9/5/2018,18
9/6/2018,17
9/7/2018,18
9/8/2018,19
9/9/2018,21
9/10/2018,29
9/11/2018,26
9/12/2018,18
9/13/2018,16
9/14/2018,31
9/15/2018,13
9/16/2018,20
9/17/2018,24
9/18/2018,25
9/19/2018,19
9/20/2018,19
9/21/2018,16
9/22/2018,12
9/23/2018,21
9/24/2018,21
9/25/2018,25
9/26/2018,13
9/27/2018,13
9/28/2018,12
9/29/2018,29
9/30/2018,25
10/1/2018,20
10/2/2018,20
10/3/2018,30
10/4/2018,16
10/5/2018,18
10/6/2018,34
10/7/2018,24
10/8/2018,12
10/9/2018,20
10/10/2018,29
10/11/2018,11
10/12/2018,12
10/13/2018,25
10/14/2018,14
10/15/2018,19
10/16/2018,20
10/17/2018,22
10/18/2018,15
10/19/2018,19
10/20/2018,87
10/21/2018,29
10/22/2018,20
10/23/2018,16
10/24/2018,23
10/25/2018,26
10/26/2018,20
10/27/2018,28
10/28/2018,14
10/29/2018,26
10/30/2018,34
10/31/2018,21
11/1/2018,21
11/2/2018,26
11/3/2018,15
11/4/2018,23
11/5/2018,16
11/6/2018,13
11/7/2018,18
11/8/2018,19
11/9/2018,19
11/10/2018,23
11/11/2018,17
11/12/2018,31
11/13/2018,20
11/14/2018,27
11/15/2018,19
11/16/2018,18
11/17/2018,21
11/18/2018,16
11/19/2018,18
11/20/2018,14
11/21/2018,11
11/22/2018,18
11/23/2018,13
11/24/2018,17
11/25/2018,12
11/26/2018,18
11/27/2018,20
11/28/2018,20
11/29/2018,16
11/30/2018,13
12/1/2018,17
12/2/2018,10
12/3/2018,15
12/4/2018,22
12/5/2018,16
12/6/2018,16
12/7/2018,10
12/8/2018,17
12/9/2018,19
12/10/2018,17
12/11/2018,21
12/12/2018,17
12/13/2018,14
12/14/2018,12
12/15/2018,25
12/16/2018,14
12/17/2018,17
12/18/2018,10
12/19/2018,18
12/20/2018,16
12/21/2018,8
12/22/2018,15
12/23/2018,17
12/24/2018,23
12/25/2018,16
12/26/2018,20
12/27/2018,27
12/28/2018,24
12/29/2018,19
12/30/2018,16
12/31/2018,20
1/1/2019,25
1/2/2019,10
1/3/2019,16
1/4/2019,16
1/5/2019,18
1/6/2019,15
1/7/2019,15
1/8/2019,16
1/9/2019,17
1/10/2019,19
1/11/2019,19
1/12/2019,17
1/13/2019,16
1/14/2019,13
1/15/2019,20
1/16/2019,14
1/17/2019,12
1/18/2019,23
1/19/2019,18
1/20/2019,24
1/21/2019,15
1/22/2019,12
1/23/2019,15
1/24/2019,21
1/25/2019,21
1/26/2019,23
1/27/2019,19
1/28/2019,22
1/29/2019,26
1/30/2019,11
1/31/2019,14
2/1/2019,17
2/2/2019,21
2/3/2019,21
2/4/2019,37
2/5/2019,25
2/6/2019,10
2/7/2019,19
2/8/2019,16
2/9/2019,26
2/10/2019,16
2/11/2019,17
2/12/2019,30
2/13/2019,19
2/14/2019,17
2/15/2019,16
2/16/2019,27
2/17/2019,11
2/18/2019,21
2/19/2019,24
2/20/2019,18
2/21/2019,15
2/22/2019,43
2/23/2019,24
2/24/2019,16
2/25/2019,13
2/26/2019,17
2/27/2019,10
2/28/2019,23
3/1/2019,13
3/2/2019,11
3/3/2019,10
3/4/2019,15
3/5/2019,13
3/6/2019,20
3/7/2019,27
3/8/2019,25
3/9/2019,31
3/10/2019,41
3/11/2019,19
3/12/2019,25
3/13/2019,20
3/14/2019,27
3/15/2019,19
3/16/2019,19
3/17/2019,16
3/18/2019,22
3/19/2019,14
3/20/2019,22
3/21/2019,17
3/22/2019,13
3/23/2019,32
3/24/2019,18
3/25/2019,25
3/26/2019,27
3/27/2019,21
3/28/2019,25
3/29/2019,15
3/30/2019,24
3/31/2019,12
4/1/2019,14
4/2/2019,12
4/3/2019,15
4/4/2019,21
4/5/2019,19
4/6/2019,17
4/7/2019,16
4/8/2019,21
4/9/2019,27
4/10/2019,39
4/11/2019,33
4/12/2019,23
4/13/2019,21
4/14/2019,21
4/15/2019,18
4/16/2019,20
4/17/2019,29
4/18/2019,24
4/19/2019,19
4/20/2019,18
4/21/2019,14
4/22/2019,18
4/23/2019,19
4/24/2019,14
4/25/2019,19
4/26/2019,17
4/27/2019,18
4/28/2019,12
4/29/2019,16
4/30/2019,16
5/1/2019,18
5/2/2019,20
5/3/2019,20
5/4/2019,23
5/5/2019,42
5/6/2019,22
5/7/2019,19
5/8/2019,26
5/9/2019,20
5/10/2019,14
5/11/2019,24
5/12/2019,29
5/13/2019,35
5/14/2019,26
5/15/2019,23
5/16/2019,25
5/17/2019,17
5/18/2019,38
5/19/2019,28
5/20/2019,23
5/21/2019,21
5/22/2019,17
5/23/2019,17
5/24/2019,25
5/25/2019,22
5/26/2019,28
5/27/2019,54
5/28/2019,12
5/29/2019,13
5/30/2019,30
5/31/2019,15
6/1/2019,25
6/2/2019,24
6/3/2019,11
6/4/2019,28
6/5/2019,22
6/6/2019,12
6/7/2019,21
6/8/2019,17
6/9/2019,17
6/10/2019,22
6/11/2019,14
6/12/2019,19
6/13/2019,16
6/14/2019,15
6/15/2019,19
6/16/2019,13
6/17/2019,29
6/18/2019,14
6/19/2019,13
6/20/2019,11
6/21/2019,13
6/22/2019,22
6/23/2019,24
6/24/2019,23
6/25/2019,46
6/26/2019,26
6/27/2019,19
6/28/2019,26
6/29/2019,16
6/30/2019,25
7/1/2019,19
7/2/2019,16
7/3/2019,23
7/4/2019,15
7/5/2019,27
7/6/2019,17
7/7/2019,26
7/8/2019,24
7/9/2019,25
7/10/2019,17
7/11/2019,21
7/12/2019,17
7/13/2019,17
7/14/2019,18
7/15/2019,19
7/16/2019,15
7/17/2019,23
7/18/2019,16
7/19/2019,16
7/20/2019,12
7/21/2019,25
7/22/2019,23
7/23/2019,21
7/24/2019,15
7/25/2019,22
7/26/2019,21
7/27/2019,28
7/28/2019,23
7/29/2019,10
7/30/2019,19
7/31/2019,43
8/1/2019,32
8/2/2019,22
8/3/2019,16
8/4/2019,22
8/5/2019,16
8/6/2019,18
8/7/2019,18
8/8/2019,21
8/9/2019,4
8/10/2019,16
8/11/2019,6
8/12/2019,8
8/13/2019,8
8/14/2019,13
8/15/2019,18
8/16/2019,14
8/17/2019,22
8/18/2019,20
8/19/2019,27
8/20/2019,26
8/21/2019,12
8/22/2019,8
8/23/2019,19
8/24/2019,13
8/25/2019,13
8/26/2019,14
8/27/2019,13
8/28/2019,10
8/29/2019,9
8/30/2019,18
8/31/2019,19
9/1/2019,19
9/2/2019,14
9/3/2019,20
9/4/2019,15
9/5/2019,21
9/6/2019,14
9/7/2019,21
9/8/2019,22
9/9/2019,15
9/10/2019,7
9/11/2019,16
9/12/2019,25
9/13/2019,15
9/14/2019,17
9/15/2019,24
9/16/2019,20
9/17/2019,15
9/18/2019,16
9/19/2019,20
9/20/2019,12
9/21/2019,9
9/22/2019,16
9/23/2019,23
9/24/2019,15
9/25/2019,18
9/26/2019,14
9/27/2019,11
9/28/2019,62
9/29/2019,11
9/30/2019,14
10/1/2019,13
10/2/2019,10
10/3/2019,15
10/4/2019,17
10/5/2019,30
10/6/2019,10
10/7/2019,17
10/8/2019,10
10/9/2019,15
10/10/2019,16
10/11/2019,28
10/12/2019,18
10/13/2019,9
10/14/2019,19
10/15/2019,28
10/16/2019,17
10/17/2019,9
10/18/2019,18
10/19/2019,18
10/20/2019,14
10/21/2019,21
10/22/2019,14
10/23/2019,15
10/24/2019,18
10/25/2019,13
10/26/2019,15
10/27/2019,15
10/28/2019,27
10/29/2019,15
10/30/2019,18
10/31/2019,12
11/1/2019,9
11/2/2019,17
11/3/2019,13
11/4/2019,18
11/5/2019,13
11/6/2019,14
11/7/2019,13
11/8/2019,9
11/9/2019,5
11/10/2019,10
11/11/2019,15
11/12/2019,24
11/13/2019,12
11/14/2019,12
11/15/2019,12
11/16/2019,18
11/17/2019,11
11/18/2019,13
11/19/2019,16
11/20/2019,15
11/21/2019,11
11/22/2019,13
11/23/2019,7
11/24/2019,10
11/25/2019,10
11/26/2019,10
11/27/2019,15
11/28/2019,11
11/29/2019,17
11/30/2019,26
12/1/2019,11
12/2/2019,11
12/3/2019,15
12/4/2019,20
12/5/2019,13
12/6/2019,19
12/7/2019,24
12/8/2019,12
12/9/2019,13
12/10/2019,25
12/11/2019,15
12/12/2019,22
12/13/2019,14
12/14/2019,11
12/15/2019,17
12/16/2019,13
12/17/2019,18
12/18/2019,11
12/19/2019,17
12/20/2019,11
12/21/2019,26
12/22/2019,17
12/23/2019,8
12/24/2019,20
12/25/2019,21
12/26/2019,13
12/27/2019,11
12/28/2019,16
12/29/2019,18
12/30/2019,9
12/31/2019,29
1/1/2020,12
1/2/2020,17
1/3/2020,17
1/4/2020,12
1/5/2020,23
1/6/2020,14
1/7/2020,13
1/8/2020,13
1/9/2020,18
1/10/2020,13
1/11/2020,17
1/12/2020,10
1/13/2020,11
1/14/2020,20
1/15/2020,21
1/16/2020,25
1/17/2020,13
1/18/2020,10
1/19/2020,15
1/20/2020,22
1/21/2020,20
1/22/2020,22
1/23/2020,12
1/24/2020,12
1/25/2020,17
1/26/2020,23
1/27/2020,29
1/28/2020,18
1/29/2020,29
1/30/2020,28
1/31/2020,12
2/1/2020,17
2/2/2020,24
2/3/2020,15
2/4/2020,21
2/5/2020,17
2/6/2020,15
2/7/2020,16
2/8/2020,14
2/9/2020,23
2/10/2020,19
2/11/2020,14
2/12/2020,13
2/13/2020,10
2/14/2020,21
2/15/2020,11
2/16/2020,19
2/17/2020,23
2/18/2020,25
2/19/2020,18
2/20/2020,17
2/21/2020,17
2/22/2020,20
2/23/2020,17
2/24/2020,15
2/25/2020,9
2/26/2020,13
2/27/2020,12
2/28/2020,15
2/29/2020,11
3/1/2020,18
3/2/2020,38
3/3/2020,17
3/4/2020,20
3/5/2020,19
3/6/2020,21
3/7/2020,21
3/8/2020,21
3/9/2020,17
3/10/2020,16
3/11/2020,22
3/12/2020,15
3/13/2020,23
3/14/2020,7
3/15/2020,13
3/16/2020,21
3/17/2020,12
3/18/2020,16
3/19/2020,16
3/20/2020,8
3/21/2020,8
3/22/2020,20
3/23/2020,13
3/24/2020,10
3/25/2020,14
3/26/2020,23
3/27/2020,11
3/28/2020,13
3/29/2020,14
3/30/2020,15
3/31/2020,9
4/1/2020,11
4/2/2020,15
4/3/2020,13
4/4/2020,7
4/5/2020,24
4/6/2020,17
4/7/2020,24
4/8/2020,16
4/9/2020,13
4/10/2020,13
4/11/2020,18
4/12/2020,19
4/13/2020,17
4/14/2020,15
4/15/2020,23
4/16/2020,15
4/17/2020,16
4/18/2020,19
4/19/2020,19
4/20/2020,16
4/21/2020,16
4/22/2020,15
4/23/2020,11
4/24/2020,21
4/25/2020,18
4/26/2020,14
4/27/2020,15
4/28/2020,14
4/29/2020,33
4/30/2020,15
5/1/2020,10
5/2/2020,21
5/3/2020,17
5/4/2020,26
5/5/2020,17
5/6/2020,9
5/7/2020,16
5/8/2020,10
5/9/2020,13
5/10/2020,25
5/11/2020,26
5/12/2020,29
5/13/2020,20
5/14/2020,12
5/15/2020,16
5/16/2020,25
5/17/2020,20
5/18/2020,29
5/19/2020,20
5/20/2020,34
5/21/2020,11
5/22/2020,10
5/23/2020,12
5/24/2020,16
5/25/2020,17
5/26/2020,11
5/27/2020,11
5/28/2020,13
5/29/2020,20
5/30/2020,14
5/31/2020,24
6/1/2020,24
6/2/2020,22
6/3/2020,15
6/4/2020,11
6/5/2020,20
6/6/2020,19
6/7/2020,7
6/8/2020,17
6/9/2020,15
6/10/2020,18
6/11/2020,11
6/12/2020,16
6/13/2020,24
6/14/2020,17
6/15/2020,41
6/16/2020,9
6/17/2020,17
6/18/2020,18
6/19/2020,16
6/20/2020,25
6/21/2020,14
6/22/2020,19
6/23/2020,23
6/24/2020,21
6/25/2020,8
6/26/2020,19
6/27/2020,10
6/28/2020,18
6/29/2020,11
6/30/2020,18
7/1/2020,25
7/2/2020,12
7/3/2020,19
7/4/2020,18
7/5/2020,18
7/6/2020,19
7/7/2020,9
7/8/2020,21
7/9/2020,17
7/10/2020,14
7/11/2020,21
7/12/2020,14
7/13/2020,20
7/14/2020,14
7/15/2020,12
7/16/2020,12
7/17/2020,12
7/18/2020,19
7/19/2020,17
7/20/2020,17
7/21/2020,24
7/22/2020,17
7/23/2020,22
7/24/2020,17
7/25/2020,17
7/26/2020,10
7/27/2020,18
7/28/2020,18
7/29/2020,12
7/30/2020,14
7/31/2020,10
8/1/2020,9
8/2/2020,14
8/3/2020,11
8/4/2020,17
8/5/2020,10
8/6/2020,18
8/7/2020,8
8/8/2020,14
8/9/2020,24
8/10/2020,12
8/11/2020,19
8/12/2020,20
8/13/2020,29
8/14/2020,26
8/15/2020,19
8/16/2020,17
8/17/2020,23
8/18/2020,23
8/19/2020,22
8/20/2020,20
8/21/2020,25
8/22/2020,19
8/23/2020,17
8/24/2020,18
8/25/2020,20
8/26/2020,14
8/27/2020,19
8/28/2020,22
8/29/2020,12
8/30/2020,11
8/31/2020,18
9/1/2020,18
9/2/2020,17
9/3/2020,16
9/4/2020,13
9/5/2020,17
9/6/2020,29
9/7/2020,24
9/8/2020,31
9/9/2020,29
9/10/2020,22
9/11/2020,27
9/12/2020,18
9/13/2020,22
9/14/2020,19
9/15/2020,24
9/16/2020,12
9/17/2020,30
9/18/2020,23
9/19/2020,18
9/20/2020,25
9/21/2020,28
9/22/2020,15
9/23/2020,15
9/24/2020,21
9/25/2020,18
9/26/2020,14
9/27/2020,23
9/28/2020,16
9/29/2020,8
9/30/2020,17
10/1/2020,17
10/2/2020,7
10/3/2020,13
10/4/2020,24
10/5/2020,21
10/6/2020,20
10/7/2020,19
10/8/2020,19
10/9/2020,20
10/10/2020,24
10/11/2020,13
10/12/2020,16
10/13/2020,17
10/14/2020,20
10/15/2020,22
10/16/2020,26
10/17/2020,18
10/18/2020,23
10/19/2020,12
10/20/2020,22
10/21/2020,26
10/22/2020,14
10/23/2020,13
10/24/2020,19
10/25/2020,17
10/26/2020,11
10/27/2020,20
10/28/2020,19
10/29/2020,10
10/30/2020,15
10/31/2020,17
11/1/2020,18
11/2/2020,14
11/3/2020,17
11/4/2020,14
11/5/2020,25
11/6/2020,19
11/7/2020,16
11/8/2020,20
11/9/2020,19
11/10/2020,17
11/11/2020,11
11/12/2020,29
11/13/2020,10
11/14/2020,9
11/15/2020,13
11/16/2020,17
11/17/2020,15
11/18/2020,8
11/19/2020,14
11/20/2020,13
11/21/2020,35
11/22/2020,12
11/23/2020,15
11/24/2020,19
11/25/2020,18
11/26/2020,15
11/27/2020,14
11/28/2020,22
11/29/2020,14
11/30/2020,17
12/1/2020,18
12/2/2020,13
12/3/2020,10
12/4/2020,12
12/5/2020,14
12/6/2020,16
12/7/2020,18
12/8/2020,12
12/9/2020,10
12/10/2020,14
12/11/2020,19
12/12/2020,14
12/13/2020,21
12/14/2020,19
12/15/2020,17
12/16/2020,14
12/17/2020,11
12/18/2020,19
12/19/2020,12
12/20/2020,23
12/21/2020,17
12/22/2020,18
12/23/2020,9
12/24/2020,16
12/25/2020,15
12/26/2020,30
12/27/2020,18
12/28/2020,18
12/29/2020,23
12/30/2020,9
12/31/2020,15
